Marca,Modelo,Tipo,Capacidade de Refrigeração Nominal (Btu/h),Consumo Anual de Energia (kWh),IDRS (Wh/Wh)
HAIER,HSQB-12RC1MAP/IN + HSQB-12RC1MAP/OU,Split Hi-Wall,12000.0,395.0,7.05
HAIER,HSQB-18RC1MAP/IN + HSQB-18RC1MAP/OU,Split Hi-Wall,18000.0,620.0,7.0
HAIER,HSQB-18RH1MAP/IN + HSQB-18RH1MAP/OU,Split Hi-Wall,18000.0,586.0,7.2
Springer Midea,38AGCA24M5 / 42AGCA24M5,Split Hi-Wall,24000.0,1057.0,5.5
Elgin,HJFI12C2WB / HJFE12C2CB,Split Hi-Wall,12000.0,382.0,7.62
Elgin,HJFI18C2WC / HJFE18C2CC,Split Hi-Wall,18000.0,664.0,6.26
Elgin,HJFI24C2WC / HJFE24C2CC,Split Hi-Wall,24000.0,975.0,5.83
Elgin,45HJFI09C2WC / 45HJFE09C2CC,Split Hi-Wall,9000.0,381.0,5.5
ELGIN,HJFI09C2WG/HJFE09C2CG,Split Hi-Wall,9000.0,327.0,7.0
UNIFRIO,UNFINV02F18INT /	UNFINV02F18EXT,Split Hi-Wall,12000.0,578.0,7.5
TCL,TAC-12CHFG3SI-INV / TAC-12CHFG3O-INV,Split Hi-Wall,12000.0,369.0,8.21
TCL,TAC-12CFG3WI-INV / TAC-12CFG3O-INV,Split Hi-Wall,12000.0,403.0,7.05
CONSUL,CBN12C / CBO12C,Split Hi-Wall,12000.0,925.0,3.14
Springer Midea,38AGQA09M5 / 42AGQA09M5,Split Hi-Wall,9000.0,396.0,5.5
Springer Midea,38AGVQB12M5 / 42AGVQB12M5,Split Hi-Wall,12000.0,447.0,6.5
Springer Midea,38AGVQB18M5 / 42AGVQB18M5,Split Hi-Wall,18000.0,727.0,6.0
Midea,38AEVQA24M5 / 42AEVQA24M5,Split Hi-Wall,24000.0,727.0,8.0
Springer Midea,38AGVCB09M5 / 42AGVCB09M5,Split Hi-Wall,9000.0,396.0,5.5
Springer Midea,38AGVCB18M5 / 42AGVCB18M5,Split Hi-Wall,18000.0,727.0,6.0
Springer Midea,38AGVCC09M5 / 42AGVCC09M5,Split Hi-Wall,9000.0,324.0,6.73
Springer Midea,38AGVCC18M5 / 42AGVCC18M5,Split Hi-Wall,18000.0,727.0,6.0
Springer Midea,38TVCC18S5 / 42AFVCH18S5,Split Hi-Wall,18000.0,793.0,5.5
Springer Midea,38TVCC22S5 / 42AFVCH22S5,Split Hi-Wall,22000.0,969.0,5.5
KENNEDY,KEN01F12INT - KEN01F12EXT,Split Hi-Wall,12000.0,818.0,3.5
TECHFRIO,TECHINV01F30INT - TECHINV01F30EXT,Split Hi-Wall,30000.0,1445.0,5.56
ECOBLU,EC18QF1,Split Hi-Wall,18000.0,778.0,5.5
ECOBLU,EC24F1,Split Hi-Wall,24000.0,996.0,5.5
ECOBLU,EC24QF1,Split Hi-Wall,24000.0,996.0,5.5
ECOBLU,EC30QF1,Split Hi-Wall,30000.0,1279.0,5.5
AGRATTO,ACS30FR4 - 02,Split Hi-Wall,30000.0,207.2,3.5
PHILCO,PAC30000IQFM15,Split Hi-Wall,30000.0,1211.0,5.5
PHILCO,PAC36000IQFM15,Split Hi-Wall,36000.0,1568.0,5.5
PRIME AIR,PRIME AIR 9000ITF2,Split Hi-Wall,9000.0,292.0,5.5
PRIME AIR,PRIME AIR 12000ITQF2,Split Hi-Wall,12000.0,470.0,5.5
BENOIT,BENOÁ 12000QFI,Split Hi-Wall,12000.0,470.0,5.5
BRITÂNIA,BAC24000IFM15,Split Hi-Wall,24000.0,950.0,5.5
EOS,EAS9000IF2,Split Hi-Wall,9000.0,292.0,5.5
EOS,EAS18000IQF2,Split Hi-Wall,18000.0,800.0,5.5
EOS,EAS24000IF2,Split Hi-Wall,24000.0,950.0,5.5
EOS,EAS24000IQF2,Split Hi-Wall,24000.0,833.0,5.5
PHILCO,PAC9QA,Split Hi-Wall,9000.0,369.0,5.5
PHILCO,PAC18QA,Split Hi-Wall,18000.0,800.0,5.5
PHILCO,PAC12FD,Split Hi-Wall,12000.0,496.0,5.5
PHILCO,PAC9000ITFM12W,Split Hi-Wall,9000.0,369.0,5.5
EOS,EAS9000IF,Split Hi-Wall,9000.0,369.0,5.5
SIMPLEY,CFSPL30IOS2BX - CFSPL30EOS2BX,Split Hi-Wall,30000.0,2320.0,3.52
EOS,EAS18000FI - EAS18000FE,Split Hi-Wall,18000.0,1194.0,3.6
EOS,EAS30000FI - EAS30000FE,Split Hi-Wall,30000.0,2320.0,3.52
MDX,VOMC12KCO4S2C11 / VOMC12KCO4S2E11,Split Hi-Wall,12000.0,826.0,3.55
MDX,VOMC24KCO4S2C13 / VOMC24KCO4S2E13,Split Hi-Wall,24000.0,1526.0,3.57
HQ,VOHT22KCO4S2E13 / VOHT22KCO4S2C13,Split Hi-Wall,22000.0,1402.0,3.77
PHILCO,PAS9500FA1,Split Hi-Wall,9000.0,640.0,3.14
GREE,GWH24ACE-D3DNA1D,Split Hi-Wall,24000.0,927.4,6.35
GREE,GWH12AEC-K3DNA1A,Split Hi-Wall,12000.0,378.7,7.67
GREE,GWH12AGC-D3DNA4JW,Split Hi-Wall,12000.0,452.9,6.42
Gree,GWH12ATC-D6DNA1A,Split Hi-Wall,12000.0,480.9,6.04
Gree,GWH24ATE-D6DNA1A,Split Hi-Wall,24000.0,904.1,6.43
Gree,GWH09ATB-D6DNA1A,Split Hi-Wall,9000.0,363.3,6.0
Gree,GWH12AUC-D6DNA1B,Split Hi-Wall,12000.0,468.0,6.2
Gree,GWH09ATBXB-D6DNA3B,Split Hi-Wall,9000.0,311.0,7.01
Gree,GWH12ATCXB-D6DNA3C,Split Hi-Wall,12000.0,415.0,7.01
Gree,GWH18ATDXD-D6DNA3G,Split Hi-Wall,18000.0,622.0,7.01
Gree,GWH30AWEXF-S6DNA4A,Split Hi-Wall,30000.0,1036.0,7.01
Gree,GWH24AVEXE-D6DNA1A,Split Hi-Wall,24000.0,764.0,7.61
Gree,GWH30ATEXF-S6DNA1AC,Split Hi-Wall,30000.0,1208.0,6.01
VG,VG01SHINV24INT - VG01SHINV24EXT,Split Hi-Wall,24000.0,1057.0,5.51
VG,VG01SHINV30INT - VG01SHINV30EXT,Split Hi-Wall,30000.0,1314.0,5.52
PSG,PSG01SHINV12INT - PSG01SHINV12EXT,Split Hi-Wall,12000.0,528.0,5.51
TCL,TAC-09CHSA2-INV,Split Hi-Wall,9000.0,362.0,6.02
TCL,TAC-32CHSA2-INV,Split Hi-Wall,32000.0,1249.0,6.2
TCL,TAC-12CHSA2-INV,Split Hi-Wall,12000.0,484.0,6.01
EMMETI,CFEMT09IIS2BX - CFEMT09EIS2BX,Split Hi-Wall,9000.0,383.0,5.7
EMMETI,CFEMT18IIS2BX - CFEMT18EIS2BX,Split Hi-Wall,18000.0,762.0,5.72
EMMETI,CFEMT24IIS2BX - CFEMT24EIS2BX,Split Hi-Wall,24000.0,1016.0,5.73
EMMETI,CFEMT30IIS2BX - CFEMT30EIS2BX,Split Hi-Wall,30000.0,1267.0,5.71
HQ,CFHQ18IIS2AX / CFHQ18EIS2AX,Split Hi-Wall,18000.0,762.0,5.72
MBO,MBOINV24C2I,Split Hi-Wall,24000.0,97.5,5.5
VIX,AS-09CR2SYDDK00_IDU / AS-09CR2SYDDK00_ODU,Split Hi-Wall,9000.0,595.0,3.21
VIX,AS-18CR2SXADK03_IDU / AS-18CR2SXADK03_ODU,Split Hi-Wall,18000.0,1130.0,3.67
VIX,AS-24CR2SBBDK01_IDU / AS-24CR2SBBDK01_ODU,Split Hi-Wall,24000.0,1538.0,3.78
VIX,AS-30CT2SDKDK04_IDU / AS-30CT2SDKDK04_ODU,Split Hi-Wall,30000.0,1513.0,4.48
VIX,AS-09TW2RLDDK00_IDU / AS-09TW2RLDDK00_ODU,Split Hi-Wall,9000.0,264.0,7.37
VIX,AS-18TW2RMADK02_IDU / AS-18TW2RMADK02_ODU,Split Hi-Wall,18000.0,468.0,9.0
VIX,AS-12CR2SLEDK03_IDU / AS-12CR2SLEDK03_ODU,Split Hi-Wall,12000.0,946.7,3.14
VG,VG02SRINV24INT / VG02SRINV24EXT,Split Hi-Wall,24000.0,1056.0,5.55
VG,VG02SRINV30INT / VG02SRINV30EXT,Split Hi-Wall,30000.0,1350.0,5.5
PSG,PSG02SFINV18INT / PSG02SFINV18EXT,Split Hi-Wall,18000.0,805.0,5.53
PSG,PSG02SFINV30INT / PSG02SFINV30EXT,Split Hi-Wall,30000.0,1350.0,5.5
PSG,PSG02SRINV09INT / PSG02SRINV09EXT,Split Hi-Wall,9000.0,395.0,5.55
GREE,GWC12AAC-D3NNA1EN,Split Hi-Wall,12000.0,870.0,3.51
GREE,GWH09QB-D3NNB4A,Split Hi-Wall,9000.0,17.1,3.24
GREE,GWH09QB-D3NNB4C,Split Hi-Wall,9000.0,17.0,3.24
GREE,GWH12QC-D3NNB4A,Split Hi-Wall,12000.0,22.8,3.24
GREE,GWH09AAB-D3NNA1B,Split Hi-Wall,9000.0,17.1,3.24
GREE,GWH09AAB-D3NNA1C,Split Hi-Wall,9000.0,634.0,3.68
GREE,GWH18AAD-D3NNA1D,Split Hi-Wall,18000.0,33.9,3.31
GREE,GWH18AAD-D3NNA1DN,Split Hi-Wall,18000.0,1296.0,3.52
GREE,GWH24AGE-D3NNA2A,Split Hi-Wall,24000.0,1540.0,3.73
BRAVOLT,RC01BT-09KI (Evaporadora) / RC01BT-09KE (Condensadora),Split Hi-Wall,9000.0,346.0,5.83
ARFRIOBOM,AFB01SHINV18INT - AFB01SHINV18EXT,Split Hi-Wall,18000.0,791.0,5.51
LIFE,LIFEH24K IN (Evaporadora) / LIFEH24K OUT (Condensadora),Split Hi-Wall,24000.0,1041.0,5.5
LIFE,LIFEH18K IN (Evaporadora) / LIFEH18K OUT (Condensadora),Split Hi-Wall,18000.0,803.0,5.5
LIFE,LIFEH12K IN (Evaporadora) / LIFEH12K OUT (Condensadora),Split Hi-Wall,12000.0,505.0,5.5
LIFE,LIFE12INT / LIFE12EXT,Split Hi-Wall,12000.0,540.0,5.55
TECHFRIO,TECHECO18IND / TECHECO18OUT,Split Hi-Wall,18000.0,615.0,7.1
VIX,AS-18TW2RMADK02.indoor / AS-18TW2RMADK02.outdoor,Split Hi-Wall,18000.0,468.0,9.0
SAMSUNG,AR18CVFAAWKNAZ,Split Hi-Wall,18000.0,70.3,6.2
SAMSUNG,AR12BVHZCWKNAZ,Split Hi-Wall,12000.0,485.0,6.0
SAMSUNG,AR09BSHZCWKNAZ,Split Hi-Wall,9000.0,312.0,7.0
SAMSUNG,AR18BSEAAWKNAZ,Split Hi-Wall,18000.0,703.0,6.2
SAMSUNG,AR12CSECABTNAZ,Split Hi-Wall,12000.0,485.0,6.0
SAMSUNG,AR24CVFCABTNAZ,Split Hi-Wall,22000.0,888.0,6.0
AGRATTO,ACST9F - 02,Split Hi-Wall,9000.0,622.0,3.5
FONTAINE,FCST9F - 02,Split Hi-Wall,9000.0,622.0,3.5
AGRATTO,FACST12F - 02,Split Hi-Wall,12000.0,830.0,3.5
TECHFRIO,TECH01F24INT - TECH01F24EXT,Split Hi-Wall,24000.0,1514.0,4.15
BRAVOLT,BRA41INT / BRA41EXT,Split Hi-Wall,30000.0,2202.0,3.85
AUFIT,AUF-09COQG,Split Hi-Wall,9000.0,432.0,5.88
AUFIT,AUF-30COQG-IDU,Split Hi-Wall,29000.0,1260.0,5.58
GREE,GWC12QC-D3DNB8M,Split Hi-Wall,12000.0,22.7,3.26
GREE,GWC33QF-D3DNB2J,Split Hi-Wall,32000.0,56.5,3.49
GREE,GWC24ACE-D3DNA1B,Split Hi-Wall,24000.0,906.6,7.0
Gree,GWC12ATC-D6DNA1A,Split Hi-Wall,12000.0,481.4,6.04
Gree,GWC18ATD-D6DNA1A,Split Hi-Wall,18000.0,723.0,6.01
Gree,GWC24ATE-D6DNA1A,Split Hi-Wall,24000.0,876.5,6.63
Gree,GWC18ATD-D6DNA2A,Split Hi-Wall,18000.0,793.6,5.49
Gree,GWC24ATD-D6DNA2A,Split Hi-Wall,24000.0,1059.5,5.46
Gree,GWC12ACC-D6DNA1A,Split Hi-Wall,12000.0,482.4,6.02
Gree,GWC12ATB-D6DNA4B,Split Hi-Wall,12000.0,536.4,5.41
Gree,GWC18ATDXD-D6DNA3E,Split Hi-Wall,18000.0,622.0,7.01
Gree,GWC24ATEXE-D6DNA3E,Split Hi-Wall,24000.0,829.0,7.01
Gree,GWC30ATEXF-S6DNA3A,Split Hi-Wall,30000.0,1036.0,7.01
Gree,GWC30AWEXF-S6DNA4A,Split Hi-Wall,30000.0,1036.0,7.01
Gree,GWC24ATE-D6DNA1AB,Split Hi-Wall,24000.0,967.0,6.01
TCL,TAC-24CTG2-INV,Split Hi-Wall,24000.0,887.0,6.6
TCL,TAC-09CTG2-INV,Split Hi-Wall,9000.0,386.0,5.59
TCL,TAC-18CFG3W-INV,Split Hi-Wall,18000.0,629.0,7.05
TCL,TAC-18CFG3B-INV,Split Hi-Wall,18000.0,629.0,7.05
TCL,TAC-09CTG3-INV,Split Hi-Wall,9000.0,326.0,7.0
TCL,TAC-18CHTG1-INV,Split Hi-Wall,18000.0,720.0,6.01
TCL,TAC-09CHTG2-INV,Split Hi-Wall,9000.0,369.0,5.72
HISENSE,AS-09TW2RLDTT00E,Split Hi-Wall,9000.0,403.0,5.5
HISENSE,AS-30UW2RKKVQ01E,Split Hi-Wall,30000.0,1316.0,6.05
HISENSE,AS-09TW2RLDTD00AE / AS-09TW2RLD00AC,Split Hi-Wall,9000.0,388.0,5.5
HISENSE,AS-09TW2RLDDK00AE / AS-09TW2RLD00AC,Split Hi-Wall,9000.0,388.0,5.5
HISENSE,AS-09TW2RLCHB00E/AS-09TW2RLC00C,Split Hi-Wall,9000.0,307.0,7.2
HISENSE,AS-12TW2RLUHB00E/AS-12TW2RLU00C,Split Hi-Wall,12000.0,400.0,7.2
HISENSE,AS-12TW2RLUHA00E/AS-12TW2RLU00C,Split Hi-Wall,12000.0,400.0,7.2
HISENSE,AS-12TW2RLUMA00E/AS-12TW2RLU00C,Split Hi-Wall,12000.0,400.0,7.2
HISENSE,AS-18TW2RWPHB00E/AS-18TW2RWP00C,Split Hi-Wall,18000.0,592.0,7.2
HISENSE,AS-18UW2RWPHB00E/AS-18UW2RWP00C,Split Hi-Wall,18000.0,599.0,7.3
HISENSE,AS-24UW2RBWHB00E/AS-24UW2RBW00C,Split Hi-Wall,24000.0,795.0,7.3
VIX,AS-12UW2RLDDK01/ AS-12UW2RLD00AC,Split Hi-Wall,12000.0,510.0,5.5
AIRSTAGE,ASKA30CPBA/AOKA30CPBA,Split Hi-Wall,30000.0,1331.0,5.52
SIMPLEY,CQSPL09IIS2AX - CQSPL09EIS2AX,Split Hi-Wall,9000.0,380.0,5.72
EOS,EAS36001IFI - EAS36001IFE,Split Hi-Wall,36000.0,1530.0,5.7
EOS,EAS12001IQFI - EAS12001IQFE,Split Hi-Wall,12000.0,500.0,5.75
EOS,EAS36001IQFI - EAS36001IQFE,Split Hi-Wall,36000.0,1564.0,5.71
EMMETI,CFEMT36IIS2BX - CFEMT36EIS2BX,Split Hi-Wall,36000.0,1530.0,5.7
EMMETI,CQEMT09IIS2AX - CQEMT09EIS2AX,Split Hi-Wall,9000.0,380.0,5.72
EMMETI,CQEMT18IIS2AX - CQEMT18EIS2AX,Split Hi-Wall,18000.0,760.0,5.73
EMMETI,CQEMT24IIS2AX - CQEMT24EIS2AX,Split Hi-Wall,24000.0,1020.0,5.72
EOS,EAS30001IFI - EAS30001IFE,Split Hi-Wall,24000.0,1256.0,5.77
HQ,CQHQ12IIS2BX / CQHQ12EIS2BX,Split Hi-Wall,12000.0,500.0,5.75
HQ,CFHQ09IIS2BX / CFHQ09EIS2BX,Split Hi-Wall,9000.0,380.0,5.72
HQ,CFHQ18IIS2BX / CFHQ18EIS2BX,Split Hi-Wall,18000.0,760.0,5.73
HQ,CFHQ24IIS2BX / CFHQ24EIS2BX,Split Hi-Wall,24000.0,1020.0,5.72
MDX,VIMC36KCO3S2C13 / VIMC36KCO3S2E13,Split Hi-Wall,36000.0,1564.0,5.71
HQ,VIHT12KCO3S2E13 / VIHT12KCO3S2C13,Split Hi-Wall,12000.0,500.0,5.75
HQ,VIHT18KCH3S2E23 / VIHT18KCH3S2E23,Split Hi-Wall,18000.0,760.0,5.73
KENNEDY,KEN02F12INT / KEN02F12EXT,Split Hi-Wall,12000.0,520.0,5.5
KENNEDY,KEN02F24INT / KEN02F24EXT,Split Hi-Wall,24000.0,850.0,6.3
TCL,TAC-09CSA1,Split Hi-Wall,9000.0,60.8,3.6
TCL,TAC-24CSA1,Split Hi-Wall,24000.0,165.7,3.51
TCL,TAC-30CSA1,Split Hi-Wall,30000.0,2117.0,3.51
TCL,TAC-18CHSA1,Split Hi-Wall,18000.0,1238.0,3.52
Fujitsu/Airstage,ASBG24KMBA/AOBG24KMCA,Split Hi-Wall,24000.0,764.0,7.6
Fujitsu/Airstage,ASBG18CMBA/AOBG18CMCA,Split Hi-Wall,18000.0,57.4,7.6
Fujitsu/Airstage,ASBH27CMTA/AOBH27CMTA,Split Hi-Wall,27000.0,838.0,7.8
DAIKIN,FTHP12S5VL / RHP12S5VL,Split Hi-Wall,12000.0,350.0,8.3
DAIKIN,FTKP09S5VL / RKP09S5VL,Split Hi-Wall,9000.0,262.6,8.3
DAIKIN,FTHC12T5VL / RHC12T5VL,Split Hi-Wall,12000.0,415.4,7.0
DAIKIN,FTKC12T5VL / RKC12T5VL,Split Hi-Wall,12000.0,415.4,7.0
Colormaq,AC 9K FRIO BR 220V ACC09IFBRBNAC,Split Hi-Wall,9000.0,433.0,5.88
Colormaq,AC 24K FRIO BR 220V ACC24IFBRBNAC,Split Hi-Wall,24000.0,911.0,6.45
Midea,38AGVCI18M5 / 42AGVCI18M5,Split Hi-Wall,18000.0,629.9,6.92
Midea,38AGVCI09M5/42AGVCI09M5,Split Hi-Wall,9000.0,365.6,6.0
Springer Midea,38TVCI22S5/42AFVCI22S5,Split Hi-Wall,22000.0,918.8,5.8
Springer Midea,38TVCI09S5/42AFVCI09S5,Split Hi-Wall,9000.0,396.4,5.5
Midea,38AGVCJ12M5 / 42AGVCJ12M5,Split Hi-Wall,12000.0,382.7,7.6
Midea,38EZVQA09M5 / 42EZVQA09M5,Split Hi-Wall,9000.0,286.8,7.6
Midea,38EZVCB09M5 / 42EZVCB09M5,Split Hi-Wall,9000.0,265.9,8.2
Midea,38TBVCA18M5 / 42EBVCA18M5,Split Hi-Wall,18000.0,947.8,4.6
Midea,38TAVCA12M5 / 42EFVCA12M5,Split Hi-Wall,12000.0,415.2,7.0
PHILCO,PAC24FB,Split Hi-Wall,24000.0,1035.0,5.5
PHILCO,PAC24QI,Split Hi-Wall,24000.0,1714.0,3.14
PHILCO,PAC12FI,Split Hi-Wall,12000.0,869.0,3.14
PHILCO,PAC9FB,Split Hi-Wall,9000.0,376.0,5.5
PHILCO,PAC12FB,Split Hi-Wall,12000.0,493.0,5.5
PHILCO,PAC9QC,Split Hi-Wall,9000.0,376.0,5.5
PHILCO,PAC36QC,Split Hi-Wall,36000.0,1474.0,5.5
PHILCO,PAC24QG,Split Hi-Wall,24000.0,1036.0,5.5
PHILCO,PAC12FC,Split Hi-Wall,12000.0,493.0,5.5
BRITÂNIA,BAC12FC,Split Hi-Wall,12000.0,493.0,5.5
PRIME AIR,PRIME AIR 12FC,Split Hi-Wall,12000.0,493.0,5.5
PRIME AIR,PRIME AIR 9QG,Split Hi-Wall,9000.0,376.0,5.5
Gree,GWC09ATAXA-D6DNA1A,Split Hi-Wall,9000.0,431.9,5.05
Gree,GWC12ATBXA-D6DNA1A,Split Hi-Wall,12000.0,579.4,5.01
Gree,GWC24ATDXE-S6DNA1A,Split Hi-Wall,24000.0,1075.0,5.41
Gree,GWC30ATEXF-S6DNA1AB,Split Hi-Wall,30000.0,1210.0,6.0
Gree,GWC18ATD-D6DNA1A,Split Hi-Wall,18000.0,723.0,6.01
Gree,GWC12ATCXB-D6DNA3CM,Split Hi-Wall,12000.0,415.0,7.01
Gree,GWC24ATEXE-D6DNA3EM,Split Hi-Wall,24000.0,829.0,7.01
Elgin,HIQI36C2WA / HIQE36C2CA,Split Hi-Wall,36000.0,1525.0,5.5
ELGIN,HJQI12C2WF/HJQE12C2CF,Split Hi-Wall,12000.0,416.0,7.0
Vertys,ASIIF009A2WANV / ASIEF009A2WANV,Split Hi-Wall,9000.0,404.0,5.65
Vertys,ASIIQ018A2WANV / ASIEQ018A2WANV,Split Hi-Wall,18000.0,752.0,5.87
Vertys,ASIIQ024A2WANV / ASIEQ024A2WANV,Split Hi-Wall,24000.0,905.0,6.76
Vertys,ASIIF018A2WASV / ASIEF018A2WASV,Split Hi-Wall,18000.0,598.0,7.18
Vertys,ASIIQ018A2WASV / ASIEQ018A2WASV,Split Hi-Wall,18000.0,575.0,7.06
Electrolux,UI12F/UE12F,Split Hi-Wall,12000.0,831.0,3.5
Electrolux,JE09F/JI09F,Split Hi-Wall,9000.0,397.0,5.5
Electrolux,YE12F/YI12F,Split Hi-Wall,12000.0,529.0,5.5
Electrolux,YE24F/YI24F,Split Hi-Wall,24000.0,1058.0,5.5
Electrolux,UE09R/UI09R,Split Hi-Wall,9000.0,623.0,3.5
Electrolux,UI18F/UE18F,Split Hi-Wall,18000.0,1245.0,3.5
Electrolux,UI24F-UE24F,Split Hi-Wall,23000.0,1592.0,3.5
PHILCO,PAC24000IFM12W,Split Hi-Wall,24000.0,1050.0,5.5
PHILCO,PAC24000IFM9W,Split Hi-Wall,24000.0,995.0,5.5
PHILCO,PAC30000IFM8,Split Hi-Wall,30000.0,1172.0,6.2
PHILCO,PAC30000IFM8W PROTECT,Split Hi-Wall,30000.0,1172.0,6.2
LG,S3NQ09AAQAL+S3UQ09AAQAL,Split Hi-Wall,9000.0,396.4,5.5
LG,S3NQ12JA31K+S3UQ12JA31K,Split Hi-Wall,12000.0,484.6,6.0
LG,S3NW09AA31C+S3UW09AA31C,Split Hi-Wall,9000.0,363.3,6.0
LG,S3NQ18KLR1B+S3UQ18KLR1B,Split Hi-Wall,19000.0,766.4,6.0
LG,S3NQ12JA33K+S3UQ12JA33K,Split Hi-Wall,12000.0,484.6,6.0
LG,S3NW09AAQAL+S3UW09AAQAL,Split Hi-Wall,9000.0,396.1,5.5
LG,S3NW18KLQAL+S3UW18KLQAL,Split Hi-Wall,19000.0,836.4,5.5
LG,S3NW18KL33B+S3NW18KL33B,Split Hi-Wall,19000.0,742.4,6.2
LG,S3NQ09AA33C+S3UQ09AA33C,Split Hi-Wall,9000.0,363.3,6.0
LG,S3NW09AA33D+S3UW09AA33D,Split Hi-Wall,9000.0,363.4,6.0
LG,S3NQ12JA31L+S3UQ12JA31L,Split Hi-Wall,12000.0,415.2,7.0
LG,S3NQ24K2R1C+S3UQ24K2R1C,Split Hi-Wall,22000.0,761.1,7.0
LG,S3NW12JA33D+S3UW12JA33D,Split Hi-Wall,12000.0,415.3,7.0
LG,S3NW18KLRD1+S3UW18KLRD1,Split Hi-Wall,18000.0,622.6,7.0
LG,S3NW24K2RD1+S3UW24K2RD1,Split Hi-Wall,22000.0,761.1,7.0
SAMSUNG,AR09DYFZBWKNAZ + AR09DYFZBWKXAZ,Split Hi-Wall,9000.0,363.0,6.0
SAMSUNG,AR12DXFAAWKNAZ + AR12DXFAAWKXAZ,Split Hi-Wall,12000.0,469.0,6.2
SAMSUNG,AR12DYFAVWKNAZ + AR12DYFAVWKXAZ,Split Hi-Wall,12000.0,485.0,6.0
SAMSUNG,AR24DXFAAWKNAZ + AR24DXFAAWKXAZ,Split Hi-Wall,24000.0,970.0,6.0
SAMSUNG,AR24DYFAAWKNAZ + AR24DYFAAWKXAZ,Split Hi-Wall,24000.0,922.0,6.3
SAMSUNG,AR24DYFABWKNAZ + AR24DYFABWKXAZ,Split Hi-Wall,24000.0,922.0,6.3
SAMSUNG,AR60F18C1AWNAZ + AR60F18C1AWKAZ,Split Hi-Wall,18000.0,606.0,7.2
SAMSUNG,AR60F18D1BWNAZ + AR60F18D1BWXAZ,Split Hi-Wall,18000.0,681.0,6.4
SAMSUNG,AR60H12C1AWNAZ + AR60H12C1AWXAZ,Split Hi-Wall,12000.0,287.0,7.0
TECHFRIO,HT-24INV,Split Hi-Wall,24000.0,1055.0,5.5
HQ,HQ-INV9000FHI / HQ-INV9000FHO,Split Hi-Wall,9000.0,370.0,5.5
HISENSE,AS-09TW2RLDTD00 / AS-09TW2RLD00,Split Hi-Wall,9000.0,370.0,5.5
HISENSE,AS-09TW2RLDTG00 / AS-09TW2RLD00,Split Hi-Wall,9000.0,370.0,5.5
HISENSE,AS-12TW2RLDTT00 / AS-12TW2RLD00,Split Hi-Wall,12000.0,475.0,5.5
HISENSE,AS-12TW2RLDDJ00 / AS-12TW2RLD00,Split Hi-Wall,12000.0,475.0,5.5
HISENSE,AS-18TW2RMADK02 / AS-18TW2RMA02,Split Hi-Wall,18000.0,655.0,5.5
HISENSE,AS-24TW2RBBTT03 / AS-24TW2RBB03,Split Hi-Wall,24000.0,1055.0,5.5
PIONEER,WA036GRFINV / AN036GRFINV,Split Hi-Wall,36000.0,1316.0,6.5
HISENSE,AS-24TW2RBWHB01 / AS-24TW2RBW01,Split Hi-Wall,24000.0,828.0,7.0
HISENSE,AS-22TW2RXTCK00 / AS-22TW2RXT00,Split Hi-Wall,24000.0,992.0,5.3
Agratto,LCST12QF-02I,Split Hi-Wall,12000.0,528.0,5.5
AGRATTO,ICS12QF-02,Split Hi-Wall,12000.0,528.0,5.5
AGRATTO,ZICST9QF-02,Split Hi-Wall,9000.0,311.0,7.0
AGRATTO,ZICST24QF-02,Split Hi-Wall,24000.0,830.0,7.0
AGRATTO,KNICST12QF-02,Split Hi-Wall,12000.0,414.0,7.0
AGRATTO,LCS24F - 02I,Split Hi-Wall,24000.0,1055.0,5.5
AGRATTO,ICS24F - 02,Split Hi-Wall,24000.0,1055.0,5.5
HQ,HQIT12F-02,Split Hi-Wall,12000.0,528.0,5.5
AGRATTO,ICS12F-02,Split Hi-Wall,12000.0,528.0,5.5
AGRATTO,FICST12F-02I,Split Hi-Wall,12000.0,528.0,5.5
AGRATTO,ZICSTF12-02,Split Hi-Wall,12000.0,411.0,7.0
AGRATTO,KNICST24F- 02,Split Hi-Wall,24000.0,829.0,7.0
Midea,42AGVCC30M5 / 38AGVCC305,Split Hi-Wall,30000.0,1038.1,7.0
GREE,GWC24AGE-D3NNA2A,Split Hi-Wall,24000.0,1578.0,3.87
VG,VG02SFINV12INT / VG02SFINV12EXT,Split Hi-Wall,12000.0,538.0,5.5
VG,VG02SRINV18INT / VG02SRINV18EXT,Split Hi-Wall,18000.0,805.0,5.53
PSG,PSG02SFINV09INT / PSG02SFINV09EXT,Split Hi-Wall,9000.0,395.0,5.55
PSG,PSG02SRINV12INT / PSG02SRINV12EXT,Split Hi-Wall,12000.0,538.0,5.5
HISENSE,AS-30TW2RKKVT01 / 1KK030009ZNPW5678JM0004,Split Hi-Wall,30000.0,1220.0,5.5
TECHFRIO,HT-30INV,Split Hi-Wall,30000.0,1220.0,5.5
ARFRIOBOM,AFB01SHINV12INT - AFB01SHINV12EXT,Split Hi-Wall,12000.0,529.0,5.51
BRAVOLT,RC01BT-12KI (Evaporadora) / RC01BT-12KE (Condensadora),Split Hi-Wall,12000.0,491.0,5.75
CACEAIR,CACE02SFINV18INT / CACE02SFINV18EXT,Split Hi-Wall,18000.0,790.0,5.55
Elgin,HIFI24C2WA / HIFE24C2CA,Split Hi-Wall,24000.0,1018.0,5.5
Elgin,HIFI30C2WA / HIFE30C2CA,Split Hi-Wall,30000.0,1299.0,5.5
Elgin,HIFI36C2WA / HIFE36C2CA,Split Hi-Wall,36000.0,1558.0,5.5
Elgin,45HJFI12C2WC / 45HJFE12C2CC,Split Hi-Wall,12000.0,502.0,5.5
ELGIN,HJFI24C2WG/HJFE24C2CG,Split Hi-Wall,24000.0,830.0,7.0
ELGIN,HJFI12C2WD/HJFE12C2CD,Split Hi-Wall,12000.0,484.0,6.0
TOCHFRIO,TOFINV02F24INT / TOFINV02F24EXT,Split Hi-Wall,24000.0,768.0,7.58
KENNEDY,KEN01F09INT - KEN01F09EXT,Split Hi-Wall,9000.0,618.0,3.52
CONSUL,CBN22C/ CBO22C,Split Hi-Wall,22000.0,1697.0,3.14
Springer Midea,38AGVQB24M5 / 42AGVQB24M5,Split Hi-Wall,24000.0,1057.0,5.5
Midea,38AEVQA30M5 / 42AEVQA30M5,Split Hi-Wall,30000.0,956.0,7.6
Springer Midea,38AGVQC12M5 / 42AGVQC12M5,Split Hi-Wall,12000.0,453.0,6.41
Springer Midea,38AGVQC30M5 / 42AGVQC30M5,Split Hi-Wall,30000.0,1009.0,7.2
Springer Midea,38TVQC12S5 / 42AFVQH12S5,Split Hi-Wall,12000.0,528.0,5.5
Springer Midea,38TVQC22S5 / 42AFVQH22S5,Split Hi-Wall,22000.0,969.0,5.5
Springer Midea,38AGCA12M5 / 42AGCA12M5,Split Hi-Wall,12000.0,485.0,6.0
Springer Midea,38AFVCH12S8 / 42AFVCH12S8,Split Hi-Wall,12000.0,432.0,6.72
VIX,AS-12CR2SVEDK04.indoor / AS-12CR2SVEDK04.outdoor,Split Hi-Wall,12000.0,773.0,3.62
VIX,AS-18CR2SXADK03.indoor / AS-18CR2SXADK03.outdoor,Split Hi-Wall,18000.0,1130.0,3.67
VIX,AS-30CT2SDKDK04.indoor / AS-30CT2SDKDK04.outdoor,Split Hi-Wall,30000.0,1513.0,4.48
VIX,AS-09TW2RLDDK00.indoor / AS-09TW2RLDDK00.outdoor,Split Hi-Wall,9000.0,264.0,7.37
VIX,AS-09CR2SYDDK00_IDU / AS-09CR2SYDDK00_ODU,Split Hi-Wall,9000.0,595.0,3.21
AGRATTO,FACS30FR4- 02,Split Hi-Wall,30000.0,2072.0,3.5
MARA!,MARA02SQFINV24INT5 / MARA02SQFINV24EXT5,Split Hi-Wall,24000.0,1112.0,5.54
HQ,INV30000QFA,Split Hi-Wall,30000.0,1119.0,5.9
HQ,HQ-ONF9000FHI / HQ-ONF9000FHO,Split Hi-Wall,9000.0,653.0,3.14
HQ,HQ-ONF12000FHI / HQ-ONF12000FHO,Split Hi-Wall,12000.0,892.0,3.14
HQ,HQ-ONF18000FHI / HQ-ONF18000FHO,Split Hi-Wall,18000.0,1230.0,3.27
AIWA,AWS-AC-30F,Split Hi-Wall,30000.0,803.0,7.0
TCL,TAC-12CTG2-INV,Split Hi-Wall,12000.0,508.0,5.5
TRONOS,ASW-24G0E2 / QCR3DI-C0,Split Hi-Wall,24000.0,950.0,6.0
GREE,GWH09AGA-D3DNA4BW,Split Hi-Wall,9000.0,392.4,5.56
Gree,GWH09ATA-D6DNA2B,Split Hi-Wall,9000.0,396.4,5.42
Gree,GWH27ATE-D6DNA2A,Split Hi-Wall,27000.0,1025.6,6.26
Gree,GWH09ATA-D6DNA2C,Split Hi-Wall,9000.0,402.6,5.41
Gree,GWH18AUD-D6DNA1A,Split Hi-Wall,18000.0,726.0,6.0
Gree,GWH09AWBXB-D6DNA4B,Split Hi-Wall,9000.0,311.0,7.01
Gree,GWH18AWDXD-D6DNA4G,Split Hi-Wall,18000.0,622.0,7.01
Gree,GWH12AVCXB-D6DNA1D,Split Hi-Wall,12000.0,382.0,7.61
Gree,GWH18AVDXD-D6DNA1H,Split Hi-Wall,18000.0,573.0,7.61
Gree,GWH18ATD-D6DNA1AB,Split Hi-Wall,18000.0,726.0,6.01
SIMPLEY,CFSPL36IIS2BX - CFSPL36EIS2BX,Split Hi-Wall,36000.0,1530.0,5.7
SIMPLEY,CQSPL12IIS2AX - CQSPL12EIS2AX,Split Hi-Wall,12000.0,500.0,5.75
SIMPLEY,CQSPL24IIS2AX - CQSPL24EIS2AX,Split Hi-Wall,24000.0,1020.0,5.72
SIMPLEY,CQSPL36IIS2AX - CQSPL36EIS2AX,Split Hi-Wall,36000.0,1564.0,5.71
EOS,EAS9001IQFI - EAS9001IQFE,Split Hi-Wall,9000.0,380.0,5.72
EOS,EAS18001IQFI - EAS18001IQFE,Split Hi-Wall,18000.0,760.0,5.73
EOS,EAS9001IFI - EAS9001IFE,Split Hi-Wall,9000.0,380.0,5.72
EOS,EAS18001IFI - EAS18001IFE,Split Hi-Wall,18000.0,760.0,5.73
HQ,CQHQ24IIS2BX / CQHQ24EIS2BX,Split Hi-Wall,24000.0,1020.0,5.72
HQ,CFHQ12IIS2BX / CFHQ12EIS2BX,Split Hi-Wall,12000.0,500.0,5.75
MDX,VIMC18KCH3S2C23 / VIMC18KCH3S2E23,Split Hi-Wall,18000.0,760.0,5.73
MDX,VIMC24KCO3S2C13 / VIMC24KCO3S2E13,Split Hi-Wall,24000.0,1020.0,5.72
MDX,VIMC30KCO3S2C13 / VIMC30KCO3S2E13,Split Hi-Wall,30000.0,1256.0,5.77
HQ,VIHT24KCH3S2E23 / VIHT24KCH3S2E23,Split Hi-Wall,24000.0,1020.0,5.72
HQ,VIHT30KCH3S2E13 / VIHT30KCH3S2C13,Split Hi-Wall,30000.0,1256.0,5.77
HQ,VIHT36KCO3S2E23 / VIHT36KCO3S2C23,Split Hi-Wall,36000.0,1564.0,5.71
SAMSUNG,AR18CVHZAWKNAZ,Split Hi-Wall,18000.0,70.3,6.2
SAMSUNG,AR24BVFAAWKNAZ,Split Hi-Wall,22000.0,888.0,6.0
SAMSUNG,AR09CVHZAWKNAZ,Split Hi-Wall,10000.0,403.0,6.0
SAMSUNG,AR12CVFCABTNAZ,Split Hi-Wall,12000.0,485.0,6.0
PHILCO,PAC12000ITFM12W,Split Hi-Wall,12000.0,558.0,5.5
BRITÂNIA,BAC9000ITFM9W PROTECT,Split Hi-Wall,9000.0,454.0,5.5
BRITÂNIA,BAC9000ITFM9W,Split Hi-Wall,9000.0,454.0,5.5
ARMONY,ARM01IR18INT / ARM01IR18EXT,Split Hi-Wall,18000.0,791.0,5.53
SIMPLEY,CFSPL09IOS2BX - CFSPL09EOS2BX,Split Hi-Wall,9000.0,631.0,3.62
SIMPLEY,CFSPL12IOS1BX - CFSPL12EOS1BX,Split Hi-Wall,12000.0,901.0,3.74
EMMETI,CFEMT24IOS2BX - CFEMT24EOS2BX,Split Hi-Wall,24000.0,1526.0,3.57
EOS,EAS24000FI - EAS24000FE,Split Hi-Wall,24000.0,1526.0,3.57
MDX,VOMC9KCO4S2C11 / VOMC9KCO4S2E11,Split Hi-Wall,9000.0,631.0,3.62
HQ,VOHT9KCO4S2E13 / VOHT9KCO4S2C13,Split Hi-Wall,9000.0,631.0,3.62
HQ,VOHT12KCO4S2E13 / VOHT12KCO4S2C13,Split Hi-Wall,12000.0,826.0,3.55
PHILCO,PAC9000IFM15,Split Hi-Wall,9000.0,292.0,5.5
BRITÂNIA,BAC9000IFM15,Split Hi-Wall,9000.0,292.0,5.5
BRITÂNIA,BAC9000IQFM15,Split Hi-Wall,9000.0,369.0,5.5
PRIME AIR,PRIME AIR 9000ITQF2,Split Hi-Wall,9000.0,369.0,5.5
BENOIT,BENOÁ 9000QFI,Split Hi-Wall,9000.0,369.0,5.5
PHILCO,PAC24000IQFM15 / PAC24000IQFM15E,Split Hi-Wall,24000.0,833.0,5.5
EOS,EAS9000IQF2,Split Hi-Wall,9000.0,369.0,5.5
EOS,EAS30000IF2,Split Hi-Wall,30000.0,1229.0,5.5
PHILCO,PAC12QF,Split Hi-Wall,12000.0,470.0,5.5
SIMPLEY,CFSPL18IIS2BX - CFSPL18EIS2BX,Split Hi-Wall,18000.0,762.0,5.72
SIMPLEY,CFSPL30IIS2BX - CFSPL30EIS2BX,Split Hi-Wall,30000.0,1267.0,5.71
EMMETI,CFEMT12IIS2BX - CFEMT12EIS2BX,Split Hi-Wall,12000.0,508.0,5.73
SIMPLEY,CFSPL12IIS2BX - CFSPL12EIS2BX,Split Hi-Wall,12000.0,508.0,5.73
FONTAINE,FON02SFI24INT / FON02SFI24EXT,Split Hi-Wall,24000.0,850.0,7.1
FONTAINE,FCST9F - 01,Split Hi-Wall,9000.0,621.0,3.5
FONTAINE,FCST12F - 01,Split Hi-Wall,12000.0,829.0,3.5
TECHFRIO,TECH01F30INT - TECH01F30EXT,Split Hi-Wall,30000.0,2202.0,3.85
Elgin,HJQI09C2WB / HJQE09C2CB,Split Hi-Wall,9000.0,292.0,7.6
Elgin,HIQI24C2WA / HIQE24C2CA,Split Hi-Wall,24000.0,1082.0,5.51
ELGIN,HJQI09C2WG/HJQE09C2CG,Split Hi-Wall,9000.0,309.0,7.0
ELGIN,HJQI18C2WG/HJQE18C2CG,Split Hi-Wall,18000.0,627.0,7.0
ELGIN,HJQI30C2WG/HJQE30C2CG,Split Hi-Wall,30000.0,1038.0,7.0
Gree,GWH12UB-K3DNA4F,Split Hi-Wall,12000.0,412.4,7.05
Gree,GWC09ATAXA-D6DNA1D,Split Hi-Wall,9000.0,395.6,5.51
DAIKIN,FTHP09S5VL / RHP09S5VL,Split Hi-Wall,9000.0,262.6,8.3
DAIKIN,FTKP12S5VL / RKP12S5VL,Split Hi-Wall,12000.0,350.0,8.3
DAIKIN,FTHC24T5VL / RHC24T5VL,Split Hi-Wall,24000.0,830.2,7.0
DAIKIN,FTHC18T5VL / RHC18T5VL,Split Hi-Wall,18000.0,682.0,6.4
Midea,42AGVCI12M5/38AGVCI12M5,Split Hi-Wall,12000.0,484.4,6.0
Springer Midea,38TVCI18S5/42AFVCI18S5,Split Hi-Wall,18000.0,751.7,5.8
Springer Midea,38TVQI12S5/42AFVQI12S5,Split Hi-Wall,12000.0,510.0,5.7
Springer Midea,38TVCI12S5/42AFVCI12S5,Split Hi-Wall,12000.0,501.2,5.8
Midea,38EZVQA12M5 / 42EZVQA12M5,Split Hi-Wall,12000.0,382.5,7.6
Midea,38EZVCA09M5 / 42EZVCA09M5,Split Hi-Wall,9000.0,286.8,7.6
Midea,38TAVCA09M5 / 42EFVCA09M5,Split Hi-Wall,9000.0,311.4,7.0
Midea,38TAVCA18M5 / 42EFVCA18M5,Split Hi-Wall,18000.0,622.9,7.0
Midea,38EMVQA12M5 / 42EMVQA12M5,Split Hi-Wall,12000.0,382.5,7.6
Midea,38TAVCA22M5 / 42EFVCA22M5,Split Hi-Wall,22000.0,761.3,7.0
Fujitsu/Airstage,ASBG09KMBA/AOBG09KMCA,Split Hi-Wall,9000.0,265.0,8.22
Fujitsu/Airstage,ASBH27KMTA/AOBH27KMTA,Split Hi-Wall,27000.0,860.0,7.6
Fujitsu/Airstage,ASBH31KMTA/AOBH31KMTA,Split Hi-Wall,31000.0,988.0,7.6
Fujitsu/Airstage,ASBG24CMBA/AOBG24CMCA,Split Hi-Wall,24000.0,764.0,7.6
Fujitsu/Airstage,ASBH31CMTA/AOBH31CMTA,Split Hi-Wall,31000.0,98.8,7.6
TCL,TAC-18CSA1,Split Hi-Wall,18000.0,1238.0,3.52
TCL,TAC-12CHSA1,Split Hi-Wall,12000.0,795.0,3.66
TCL,TAC-24CHSA1,Split Hi-Wall,24000.0,1625.0,3.58
GREE,GWC12AGC-D3DNA4GW,Split Hi-Wall,12000.0,508.8,5.71
GREE,GWC18ATDXB-D3DNA1A,Split Hi-Wall,18000.0,607.4,7.62
GREE,GWC36ATEXF-S3DNA1A,Split Hi-Wall,36000.0,1368.0,6.37
GREE,GWC24QE-D3DNB8M,Split Hi-Wall,24000.0,45.6,3.24
GREE,GWC09ACA-D3DNA1A,Split Hi-Wall,9000.0,17.1,3.24
GREE,GWC12ACC-D3DNA1J,Split Hi-Wall,12000.0,541.7,5.8
GREE,GWC18ACD-D3DNA1B,Split Hi-Wall,18000.0,804.6,5.7
GREE,GWC09AGA-D3DNA4A,Split Hi-Wall,9000.0,395.7,5.51
GREE,GWC12AGC-D3DNA4J,Split Hi-Wall,12000.0,528.0,5.5
GREE,GWC18AGD-D3DNA4D,Split Hi-Wall,18000.0,751.9,5.8
Gree,GWC18ACD-D6DNA1C,Split Hi-Wall,18000.0,686.1,6.35
Gree,GWC12ATB-D6DNA2B,Split Hi-Wall,12000.0,536.4,5.41
Gree,GWC12AUC-D6DNA1B,Split Hi-Wall,12000.0,468.0,6.2
Gree,GWC18AUD-D6DNA1A,Split Hi-Wall,18000.0,726.0,6.0
Gree,GWC24AUD-D6DNA1A,Split Hi-Wall,24000.0,968.0,6.0
Gree,GWC27ATE-D6DNA4A,Split Hi-Wall,27000.0,1025.3,6.26
Gree,GWC09ATBXB-D6DNA3B,Split Hi-Wall,9000.0,311.0,7.01
Gree,GWC12AWCXB-D6DNA4C,Split Hi-Wall,12000.0,415.0,7.01
EOS,EAS24000IF,Split Hi-Wall,24000.0,1050.0,5.5
PHILCO,PAC30000IQFM8,Split Hi-Wall,30000.0,1172.0,6.2
PHILCO,PAC30000IQFM8W,Split Hi-Wall,30000.0,1172.0,6.2
PHILCO,PAC36000IQFM8W,Split Hi-Wall,36000.0,1405.0,6.2
LG,S3NW12JA31A+S3UW12JA31A,Split Hi-Wall,12000.0,484.6,6.0
LG,S3NQ15JL31A+S3UQ15JL31A,Split Hi-Wall,15000.0,605.9,6.0
LG,S3NW12JAR7A+S3UW12JAR7A,Split Hi-Wall,12000.0,484.6,6.0
LG,S3NQ09AA31B+S3UQ09AA31B,Split Hi-Wall,9000.0,330.1,6.6
LG,S3NQ12JA31B+S3UQ12JA31B,Split Hi-Wall,12000.0,461.7,6.3
LG,S3NQ09JA31E+S3UQ09JA31E,Split Hi-Wall,9000.0,363.4,6.0
LG,S3NW24K233C+S3UW24K233C,Split Hi-Wall,22000.0,833.0,6.4
LG,S3NW09AA31D+S3UW09AA31D,Split Hi-Wall,9000.0,363.4,6.0
LG,S3NQ090AKH0 + S3UQ090AKH0,Split Hi-Wall,9000.0,279.4,7.8
LG,S3NW090AKH0 + S3UW090AKH0,Split Hi-Wall,9000.0,279.4,7.8
LG,S3NQ09AA31F+S3UQ09AA31F,Split Hi-Wall,9000.0,311.2,7.0
LG,S3NQ12JAR1L+S3UQ12JAR1L,Split Hi-Wall,12000.0,415.2,7.0
LG,S3NQ18KLR1C+S3UQ18KLR1C,Split Hi-Wall,18000.0,622.6,7.0
LG,S3NW09AA33E+S3UW09AA33E,Split Hi-Wall,9000.0,311.6,7.0
LG,S3NW24K231D+S3UW24K231D,Split Hi-Wall,22000.0,761.1,7.0
LG,S3NW24K233D+S3UW24K233D,Split Hi-Wall,22000.0,761.1,7.0
Vertys,ASIIQ009A2WASV / ASIEQ009A2WASV,Split Hi-Wall,9000.0,275.0,8.54
Vertys,ASIIF012A2WASV / ASIEF012A2WASV,Split Hi-Wall,12000.0,386.0,7.26
Vertys,ASIIF030A2WASV / ASIEF030A2WASV,Split Hi-Wall,30000.0,1019.0,7.03
Vertys,ASIIQ030A2WASV / ASIEQ030A2WASV,Split Hi-Wall,30000.0,992.0,7.04
Electrolux,JI18F/JE18F,Split Hi-Wall,18000.0,793.0,5.5
Electrolux,JI24R/JE24R,Split Hi-Wall,24000.0,1056.0,5.5
AIRSTAGE,ASKA18KPBA/AOKA18KPBA,Split Hi-Wall,18000.0,79.1,5.53
AIRSTAGE,ASKA24CPBA/AOKA24CPBA,Split Hi-Wall,24000.0,1010.0,5.51
AIRSTAGE,ASKA24KPBA/AOKA24KPBA,Split Hi-Wall,24000.0,1016.0,5.53
HISENSE,AS-30TW2RKKVQ01E,Split Hi-Wall,30000.0,1316.0,6.05
HISENSE,AS-12UW2RLDTT00E,Split Hi-Wall,12000.0,528.0,5.8
HISENSE,AS-36UW2RKKVQ00E,Split Hi-Wall,36000.0,1600.0,5.6
VIX,AS-12TW2RLDDK03 / AS-12TW2RLD00AC,Split Hi-Wall,12000.0,510.0,5.5
HISENSE,AS-18TW2RWPMA00E/AS-18TW2RWP00C,Split Hi-Wall,18000.0,592.0,7.2
HISENSE,AS-30UW2RKZHB00E / AS-30UW2RKZ00C,Split Hi-Wall,30000.0,1038.0,7.0
HISENSE,AS-09TW2RLRCK00E / AS-09TW2RLR00C,Split Hi-Wall,9000.0,401.0,5.5
HISENSE,AS-24TW2RBWHB01E / AS-24TW2RBW01C,Split Hi-Wall,24000.0,725.0,7.5
TECHFRIO,TECHPOPIND18K / TECHPOPOUT18K,Split Hi-Wall,18000.0,820.0,5.7
LIFE,LIFE24INT / LIFE24EXT,Split Hi-Wall,24000.0,1020.0,5.9
SAMSUNG,AR12DYFACWKNAZ + AR12DYFACWKXAZ,Split Hi-Wall,11000.0,459.0,5.8
SAMSUNG,AR60F18D1AWNAZ + AR60F18D1AWKAZ,Split Hi-Wall,18000.0,681.0,6.4
SAMSUNG,AR50F24D1AHNAZ + AR50F24D1AHXAZ,Split Hi-Wall,24000.0,868.0,6.7
SAMSUNG,AR60H09C1AWNAZ + AR60H09C1AWXAZ,Split Hi-Wall,9000.0,287.0,7.62
SAMSUNG,AR60H24C1AWNAZ + AR60H24C1AWXAZ,Split Hi-Wall,23000.0,416.0,7.0
PIONEER,WA024GHFINV / AN024GHFINV,Split Hi-Wall,24000.0,1055.0,5.5
HQ,HQ-INV18000FHI / HQ-INV18000FHO,Split Hi-Wall,18000.0,655.0,5.5
HISENSE,AS-09TW2RLDTT00 / AS-09TW2RLD00,Split Hi-Wall,9000.0,370.0,5.5
HISENSE,AS-09TW2RLDDB00 / AS-09TW2RLD00,Split Hi-Wall,9000.0,370.0,5.5
HISENSE,AS-12TW2RLDDB00 / AS-12TW2RLD00,Split Hi-Wall,12000.0,475.0,5.5
HISENSE,AS-18TW2RMADB02 / AS-18TW2RMA02,Split Hi-Wall,18000.0,655.0,5.5
HISENSE,AS-18TW2RMATG02 / AS-18TW2RMA02,Split Hi-Wall,18000.0,655.0,5.5
HISENSE,AS-24TW2RBBTD03 / AS-24TW2RBB03,Split Hi-Wall,24000.0,1055.0,5.5
HISENSE,AS-24TW2RBBDB03 / AS-24TW2RBB03,Split Hi-Wall,24000.0,1055.0,5.5
HISENSE,AS-24TW2RBBTG03 / AS-24TW2RBB03,Split Hi-Wall,24000.0,1055.0,5.5
HISENSE,AS-30TW2RKKVT01 / 1KK030009ZNPW5678JM0004,Split Hi-Wall,30000.0,1220.0,5.5
HISENSE,AS-12UW5RXVQH00A / AS-12UW5RXV00A,Split Hi-Wall,12000.0,299.0,8.4
PIONEER,WA030GRFINV / AN030GRFINV,Split Hi-Wall,30000.0,1220.0,5.5
HISENSE,AS-09TW2RLRCA00 / AS-09TW2RLR00,Split Hi-Wall,9000.0,387.0,5.5
HISENSE,AS-12TW2RLUHB00 / AS-12TW2RLU00,Split Hi-Wall,12000.0,411.0,7.0
TECHFRIO,ECO12IND / ECO12OUT,Split Hi-Wall,12000.0,411.0,7.0
AGRATTO,LCST24QF - 02I,Split Hi-Wall,24000.0,1056.0,5.5
Komeco,KOHI 12QC 1HV,Split Hi-Wall,12000.0,528.0,5.5
AGRATTO,KNICST9QF-02,Split Hi-Wall,9000.0,311.0,7.0
TECHFRIO,ECO24IND / ECO24OUT,Split Hi-Wall,24000.0,828.0,7.0
TECHFRIO,ECO30IND / ECO30OUT,Split Hi-Wall,30000.0,1180.0,6.5
AGRATTO,LCS18F - 02I,Split Hi-Wall,18000.0,763.0,5.5
AGRATTO,ICS18F - 02,Split Hi-Wall,18000.0,791.0,5.5
HQ,HQI18F-02,Split Hi-Wall,18000.0,763.0,5.5
AGRATTO,LCST18F - 02I,Split Hi-Wall,18000.0,792.0,5.5
AGRATTO,FICST18F-02I,Split Hi-Wall,18000.0,792.0,5.5
AGRATTO,FICST24F-02I,Split Hi-Wall,24000.0,1056.0,5.5
HQ,HQIT30F-02,Split Hi-Wall,30000.0,1320.0,5.5
HQ,HQIT18F-02,Split Hi-Wall,18000.0,792.0,5.5
AGRATTO,ZICST9F-02,Split Hi-Wall,9000.0,311.0,7.0
AGRATTO,KNICS30F- 02,Split Hi-Wall,30000.0,1036.0,7.0
HITACHI,RPK18C3IVF - RAA18C3IVF,Split Hi-Wall,18000.0,686.0,6.35
HITACHI,RPK18C3IVQ - RAA18C3IVQ,Split Hi-Wall,18000.0,688.0,6.34
HITACHI,RPK24C3IVQ - RAA24C3IVQ,Split Hi-Wall,24000.0,935.0,6.22
KENNEDY,KEN02F09INT / KEN02F09EXT,Split Hi-Wall,9000.0,340.0,7.0
KENNEDY,KEN02F18INT / KEN02F18EXT,Split Hi-Wall,18000.0,761.0,5.5
TCL,TAC-18CSA2-INV,Split Hi-Wall,18000.0,724.0,6.02
TCL,TAC-24CSA2-INV,Split Hi-Wall,24000.0,967.0,6.01
TCL,TAC-12CSGV-INV,Split Hi-Wall,12000.0,637.0,4.5
VIX,AS-36UW2RKKDK00_IDU / AS-36UW2RKKDK00_ODU,Split Hi-Wall,36000.0,1670.0,5.6
VIX,AS-12HR5SGRCA00_IDU / AS-12HR5SGRCA00_ODU,Split Hi-Wall,11000.0,821.0,3.14
VIX,AS-09HR2SYRCA00_IDU / AS-09HR2SYRCA00_ODU,Split Hi-Wall,9000.0,821.0,3.14
CONSUL,CBR12C /CBS12C,Split Hi-Wall,12000.0,52.9,55.0
PHILCO,PAC18FB,Split Hi-Wall,18000.0,724.0,5.5
PHILCO,PAC24FI,Split Hi-Wall,24000.0,1709.0,3.14
PHILCO,PAC9FC,Split Hi-Wall,9000.0,376.0,5.5
PHILCO,PAC18QC,Split Hi-Wall,18000.0,724.0,5.5
PHILCO,PAC24FC,Split Hi-Wall,24000.0,1036.0,5.5
PHILCO,PAC24QC,Split Hi-Wall,24000.0,1036.0,5.5
PHILCO,PAC9QI,Split Hi-Wall,9000.0,640.0,3.14
PHILCO,PAC18QI,Split Hi-Wall,18000.0,1343.0,3.14
PRIME AIR,PRIME AIR 12QG,Split Hi-Wall,12000.0,493.0,5.5
CONSUL,CBN18C / CBO18C,Split Hi-Wall,18000.0,1349.0,3.14
Springer Midea,38AGVQB09M5 / 42AGVQB09M5,Split Hi-Wall,9000.0,396.0,5.5
Springer Midea,38AGVQC18M5 / 42AGVQC18M5,Split Hi-Wall,18000.0,727.0,6.0
Springer Midea,38TVQC09S5 / 42AFVQH09S5,Split Hi-Wall,9000.0,396.0,5.5
Springer Midea,38AGVCC12M5 / 42AGVCC12M5,Split Hi-Wall,12000.0,462.0,6.29
Springer Midea,38AGVCC24M5 / 42AGVCC24M5,Split Hi-Wall,24000.0,1057.0,5.5
Springer Midea,38TFCB09S5 / 42AFFCG09S5,Split Hi-Wall,9000.0,656.0,3.32
Springer Midea,38TFCB22S5 / 42AFFCG22S5,Split Hi-Wall,22000.0,1523.0,3.5
Springer Midea,38TFCB30S5 / 42ABCA30S5,Split Hi-Wall,30000.0,2315.0,3.14
ECOBLU,EC36F1,Split Hi-Wall,36000.0,1598.0,5.5
ECOBLU,EC36QF1,Split Hi-Wall,36000.0,1598.0,5.5
AZ,AZSW01INVF18INT - AZSW01INVF18EXT,Split Hi-Wall,18000.0,781.0,5.57
KENNEDY,KEN01F24INT - KEN01F24EXT,Split Hi-Wall,24000.0,1651.0,3.51
TECHFRIO,TECHINV01F24INT - TECHINV01F24EXT,Split Hi-Wall,24000.0,1033.0,6.21
Springer Midea,38TFCI18S5/42AFFCI18S5,Split Hi-Wall,18000.0,1210.9,3.6
ARFRIOBOM,AFB01SHINV24INT - AFB01SHINV24EXT,Split Hi-Wall,24000.0,1055.0,5.51
ARFRIOBOM,AFB01SHINV09INT - AFB01SHINV09EXT,Split Hi-Wall,9000.0,390.0,5.6
Elgin,HJFI18C2WB / HJFE18C2CB,Split Hi-Wall,18000.0,528.0,8.25
Elgin,HJFI30C2WB / HJFE30C2CB,Split Hi-Wall,30000.0,1035.0,7.02
Elgin,HSFI12C1IA / HSFE12C1NA,Split Hi-Wall,12000.0,360.0,8.29
Elgin,HIFI12C2WA / HIFE12C2CA,Split Hi-Wall,12000.0,542.0,5.5
Elgin,HIFI18C2WA / HIFE18C2CA,Split Hi-Wall,18000.0,738.0,5.5
ELGIN,HSFI12C1IB/HSFE12C1CB,Split Hi-Wall,12000.0,444.0,7.0
UNIFRIO,UNFINV02F12INT /	UNFINV02F12EXT,Split Hi-Wall,12000.0,383.0,7.59
UNIFRIO,UNFINV02F24INT /	UNFINV02F24EXT,Split Hi-Wall,24000.0,768.0,7.58
UNIFRIO,UNFINV02F30INT /	UNFINV02F30EXT,Split Hi-Wall,30000.0,964.0,7.51
TOCHFRIO,TOFINV02F18INT / TOFINV02F18EXT,Split Hi-Wall,18000.0,578.0,7.5
TOCHFRIO,TOFINV02F30INT / TOFINV02F30EXT,Split Hi-Wall,30000.0,964.0,7.51
TECHFRIO POP,POP-12INT / POP-12EXT,Split Hi-Wall,12000.0,570.0,5.03
BRAVOLT,RC01BT-24KI (Evaporadora) / RC01BT-24KE (Condensadora),Split Hi-Wall,24000.0,1016.0,5.51
GREE,GWC09AAB-D3NNA1BN,Split Hi-Wall,9000.0,634.0,3.68
GREE,GWC09AAB-D3NNA1CN,Split Hi-Wall,9000.0,634.0,3.68
GREE,GWC18AAD-D3NNA1DN,Split Hi-Wall,18000.0,1296.0,3.52
GREE,GWC30AGEXH-D3NNA2A,Split Hi-Wall,30000.0,2014.0,3.96
GREE,GWH09AAB-D3NNA1BN,Split Hi-Wall,9000.0,634.0,3.68
VG,VG01SHINV18INT - VG01SHINV18EXT,Split Hi-Wall,18000.0,791.0,5.51
PSG,PSG01SHINV30INT - PSG01SHINV30EXT,Split Hi-Wall,30000.0,1314.0,5.52
LG,S3NW121L1C0+S3UW121L1C0,Split Hi-Wall,12000.0,342.2,8.5
HQ,INV9000QFA,Split Hi-Wall,9000.0,360.0,5.5
HAIER,HSQB-09RC1MAP/IN + HSQB-09RC1MAP/OU,Split Hi-Wall,9000.0,272.0,7.3
HAIER,HSQB-12RH1MAP/IN + HSQB-12RH1MAP/OU,Split Hi-Wall,12000.0,393.0,7.0
HAIER,HSQA-36RH1MAP/IN + HSQA-36RH1MAP/OU,Split Hi-Wall,36000.0,1163.0,7.18
Springer Midea,38AGCA09M5 / 42AGCA09M5,Split Hi-Wall,9000.0,396.0,5.5
PSG,PSG02SFINV24INT / PSG02SFINV24EXT,Split Hi-Wall,24000.0,1056.0,5.55
PSG,PSG02SRINV18INT / PSG02SRINV18EXT,Split Hi-Wall,18000.0,805.0,5.53
PSG,PSG02SRINV24INT / PSG02SRINV24EXT,Split Hi-Wall,24000.0,1056.0,5.55
CACEAIR,CACE02SFINV09INT / CACE02SFINV09EXT,Split Hi-Wall,9000.0,390.0,5.53
CACEAIR,CACE02SFINV24INT / CACE02SFINV24EXT,Split Hi-Wall,24000.0,1050.0,5.54
MARA!,MARA02SQFINV24INT7 / MARA02SQFINV24EXT7,Split Hi-Wall,24000.0,1095.0,7.01
VIX,AS-24TW2RBBDK03.indoor / AS-24TW2RBBDK03.outdoor,Split Hi-Wall,24000.0,749.0,7.88
VIX,AS-30TW2RKKDK01.indoor / AS-30TW2RKKDK01.outdoor,Split Hi-Wall,30000.0,863.0,9.32
VIX,AS-12CR2SLEDK00_ODU / AS-12CR2SLEDK00_IDU,Split Hi-Wall,12000.0,887.1,3.14
HQ,HQ-ONF24000FHI / HQ-ONF24000FHO,Split Hi-Wall,24000.0,1745.0,3.23
VIX,AS-12TW2RLDDK00_IDU / AS-12TW2RLDDK00_ODU,Split Hi-Wall,12000.0,336.0,8.08
VIX,AS-24TW2RBBDK03_IDU / AS-24TW2RBBDK03_ODU,Split Hi-Wall,24000.0,749.0,7.88
VIX,AS-09UW2RLDDK00_IDU / AS-09UW2RLDDK00_ODU,Split Hi-Wall,9000.0,216.0,9.25
VIX,AS-12UW2RLDDK00_IDU / AS-12UW2RLDDK00_ODU,Split Hi-Wall,12000.0,303.0,9.71
VIX,AS-12CR2SLEDDK02_ODU / AS-12CR2SLEDK02_IDU,Split Hi-Wall,12000.0,887.1,3.14
VIX,AS-09CR2SLDDK01_IDU / AS-09CR2SLDDK01_ODU,Split Hi-Wall,9000.0,68.0,3.14
PHILCO,PAC30FI,Split Hi-Wall,30000.0,2146.0,3.14
PHILCO,PAC24QB,Split Hi-Wall,24000.0,978.0,5.5
BRITÂNIA,BAC24QC,Split Hi-Wall,24000.0,1036.0,5.5
PHILCO,PAC18FI,Split Hi-Wall,18000.0,1343.0,3.14
SIMPLEY,CFSPL24IOS2BX - CFSPL24EOS2BX,Split Hi-Wall,24000.0,1526.0,3.57
EMMETI,CFEMT12IOS1BX - CFEMT12EOS1BX,Split Hi-Wall,12000.0,901.0,3.74
EMMETI,CFEMT30IOS2BX - CFEMT30EOS2BX,Split Hi-Wall,30000.0,2320.0,3.52
HQ,CFHQ09IOS2AX / CFHQ09EOS2AX,Split Hi-Wall,9000.0,631.0,3.62
MDX,VOMC30KCO4S2C13 / VOMC30KCO4S2E13,Split Hi-Wall,30000.0,2320.0,3.52
PHILCO,PAC24000IFM15,Split Hi-Wall,24000.0,950.0,5.5
PHILCO,PAC18000IFM15,Split Hi-Wall,18000.0,764.0,5.5
BRITÂNIA,BAC18000IFM15,Split Hi-Wall,18000.0,764.0,5.5
BRITÂNIA,BAC18000IQFM15,Split Hi-Wall,18000.0,800.0,5.5
PHILCO,PAC12000IQFM15 / PAC12000IQFM15E,Split Hi-Wall,12000.0,470.0,5.5
EOS,EAS30000IQF2,Split Hi-Wall,30000.0,1211.0,5.5
EOS,EAS36000IQF2,Split Hi-Wall,36000.0,1568.0,5.5
PHILCO,PAC24QA,Split Hi-Wall,24000.0,833.0,5.5
PHILCO,PAC12FF,Split Hi-Wall,12000.0,530.0,5.5
MYSTIC,MY-INV1268BR,Split Hi-Wall,12000.0,541.0,5.5
GREE,GWH24AGE-D3DNA4B,Split Hi-Wall,24000.0,839.0,6.96
Gree,GWH09ATA-D6DNA1A,Split Hi-Wall,9000.0,361.2,6.03
Gree,GWH18ATD-D6DNA1A,Split Hi-Wall,18000.0,668.7,6.52
Gree,GWH30ATEXF-S6DNA1A,Split Hi-Wall,30000.0,1012.9,7.17
Gree,GWH18ATD-D6DNA2A,Split Hi-Wall,18000.0,793.8,5.49
Gree,GWH12ACC-D6DNA1A,Split Hi-Wall,12000.0,503.4,5.77
Gree,GWH18ACD-D6DNA1C,Split Hi-Wall,18000.0,711.5,6.13
Gree,GWH09ATB-D6DNA1A,Split Hi-Wall,9000.0,363.3,6.0
Gree,GWH30ATEXF-S6DNA3A,Split Hi-Wall,30000.0,1036.0,7.01
Gree,GWH09ATB-D6DNA1AB,Split Hi-Wall,9000.0,362.0,6.01
AIWA,AWS-AC-24F,Split Hi-Wall,24000.0,827.0,7.0
AUFIT,AUF-12COQGBR,Split Hi-Wall,12000.0,530.0,5.61
AUFIT,AUF-24COQG,Split Hi-Wall,24000.0,911.0,6.44
PHILCO,PAS12QT,Split Hi-Wall,12000.0,869.0,3.14
PHILCO,PAS9FT,Split Hi-Wall,9000.0,640.0,3.14
PHILCO,PAS9QT,Split Hi-Wall,9000.0,640.0,3.14
CONSUL,CBR09C / CBS09C,Split Hi-Wall,9000.0,39.6,55.0
EOS,EAS9000IQF,Split Hi-Wall,9000.0,369.0,5.5
PHILCO,PAC9000ITFM9W,Split Hi-Wall,9000.0,454.0,5.5
HQ,CFHQ09IIS2AX / CFHQ09EIS2AX,Split Hi-Wall,9000.0,383.0,5.7
HQ,CFHQ12IIS2AX / CFHQ12EIS2AX,Split Hi-Wall,12000.0,508.0,5.73
TCL,TAC-18CTG2-INV,Split Hi-Wall,18000.0,769.0,5.8
TCL,TAC-12CTG3-INV,Split Hi-Wall,12000.0,418.0,7.0
TCL,TAC-18CHTG2X-INV,Split Hi-Wall,18000.0,762.0,5.64
TCL,TAC-09CHTG3-INV,Split Hi-Wall,9000.0,323.0,7.06
TCL,TAC-12CHTG3-INV,Split Hi-Wall,12000.0,418.0,7.0
AGRATTO,ACST9F - 01,Split Hi-Wall,9000.0,621.0,3.5
AGRATTO,ACST12F - 01,Split Hi-Wall,12000.0,829.0,3.5
AGRATTO,CST9F - 01,Split Hi-Wall,9000.0,621.0,3.5
AGRATTO,CST12F - 01,Split Hi-Wall,12000.0,829.0,3.5
AIWA,AWS-AC-18F,Split Hi-Wall,18000.0,591.0,7.0
AIWA,AWS-AC-12QF,Split Hi-Wall,12000.0,391.0,5.5
AIWA,AWS-AC-12F,Split Hi-Wall,12000.0,520.0,5.5
AIWA,AWS-AC-9QF,Split Hi-Wall,9000.0,301.0,5.5
TECHFRIO,TECH01F12INT - TECH01F12EXT,Split Hi-Wall,12000.0,826.0,3.55
SAMSUNG,AR09BVFAVWKNAZ,Split Hi-Wall,9000.0,363.0,6.0
SAMSUNG,AR09BVHZCWKNAZ,Split Hi-Wall,9000.0,364.0,6.0
SAMSUNG,AR12BVFAVWKNAZ,Split Hi-Wall,12000.0,485.0,6.0
SAMSUNG,AR24BSEAAWKNAZ,Split Hi-Wall,22000.0,888.0,6.0
SAMSUNG,AR18BSHZCWKNAZ,Split Hi-Wall,18000.0,703.0,6.2
SAMSUNG,AR24BVHZCWKNAZ,Split Hi-Wall,22000.0,888.0,6.0
SAMSUNG,AR09CVFAMWKNAZ,Split Hi-Wall,10000.0,403.0,6.0
SAMSUNG,AR18CSECABTNAZ,Split Hi-Wall,18000.0,703.0,6.2
AGRATTO,ACS18FR4 - 02,Split Hi-Wall,18000.0,1243.0,3.5
FONTAINE,FCS18FR4-02,Split Hi-Wall,18000.0,1243.0,3.5
FONTAINE,FCS22FR4-02,Split Hi-Wall,22000.0,1522.0,3.5
FONTAINE,FCS30FR4-02,Split Hi-Wall,30000.0,2072.0,3.5
TCL,TAC-12CSA2-INV,Split Hi-Wall,12000.0,484.0,6.01
TCL,TAC-18CSG2-INV,Split Hi-Wall,18000.0,734.0,6.0
TCL,TAC-24CSG2-INV,Split Hi-Wall,24000.0,907.0,6.25
TECHFRIO,TECHPOPIND30K / TECHPOPOUT30K,Split Hi-Wall,30000.0,1160.0,7.2
BRAVOLT,BRAVOLTIND30K / BRAVOLTOUT30K,Split Hi-Wall,30000.0,1160.0,7.2
LIFE,LIFE18INT / LIFE18EXT,Split Hi-Wall,18000.0,820.0,5.7
BRAVOLT,BRAVOLTIND24K / BRAVOLTOUT24K,Split Hi-Wall,24000.0,1020.0,5.9
SAMSUNG,AR09DYFAVWKNAZ + AR09DYFAVWKXAZ,Split Hi-Wall,9000.0,336.0,6.5
SAMSUNG,AR12DYFAAWKNAZ + AR12DYFAAWKXAZ,Split Hi-Wall,12000.0,488.0,6.0
SAMSUNG,AR18DXFAAWKNAZ + AR18DXFAAWKXAZ,Split Hi-Wall,18000.0,641.0,6.8
SAMSUNG,AR18DYFZAWKNAZ + AR18DYFZAWKXAZ,Split Hi-Wall,18000.0,727.0,6.0
SAMSUNG,AR24DXEAAWKNAZ + AR24DXEAAWKXAZ,Split Hi-Wall,24000.0,970.0,6.0
SAMSUNG,AR60F24C1AWNAZ + AR60F24C1AWKAZ,Split Hi-Wall,24000.0,909.0,6.4
SAMSUNG,AR60F24D1AWNAZ + AR60F24D1AWKAZ,Split Hi-Wall,24000.0,868.0,6.7
TCL,TAC-12CHFG2BI-INV / TAC-12CHFG2O-INV,Split Hi-Wall,12000.0,408.0,7.25
PHILCO,PAC18000IFM12W,Split Hi-Wall,18000.0,810.0,5.5
EOS,EAS18000IF,Split Hi-Wall,18000.0,810.0,5.5
EOS,EAS18000IQF,Split Hi-Wall,18000.0,810.0,5.5
PHILCO,PAC30000IFM8W,Split Hi-Wall,30000.0,1172.0,6.2
LG,S3NQ09AA31A+S3UQ09AA31A,Split Hi-Wall,9000.0,363.2,6.0
LG,S3NQ24K231B+S3UQ24K231B,Split Hi-Wall,22000.0,888.3,6.0
LG,S3NW18KLR7A+S3UW18KLR7A,Split Hi-Wall,19000.0,742.4,6.2
LG,S3NQ09AA33A+S3UQ09AA33A,Split Hi-Wall,9000.0,363.2,6.0
LG,S3NQ09AA31D+S3UQ09AA31D,Split Hi-Wall,9000.0,340.6,6.4
LG,S3NQ09AAQAK+S3UQ09AAQAK,Split Hi-Wall,9000.0,396.2,5.5
LG,S3NQ09AA33F+S3UQ09AA33F,Split Hi-Wall,9000.0,311.2,7.0
LG,S3NQ18KL33C+S3UQ18KL33C,Split Hi-Wall,18000.0,622.6,7.0
LG,S3NW09AA31E+S3UW09AA31E,Split Hi-Wall,9000.0,311.6,7.0
LG,S3NW12JA31D+S3UW12JA31D,Split Hi-Wall,12000.0,415.3,7.0
LG,S3NW18KL31C+S3UW18KL31C,Split Hi-Wall,18000.0,622.6,7.0
LG,S3NW18KL33C+S3UW18KL33C,Split Hi-Wall,18000.0,622.6,7.0
EMMETI,CQEMT12IIS2AX - CQEMT12EIS2AX,Split Hi-Wall,12000.0,500.0,5.75
HQ,CQHQ18IIS2BX / CQHQ18EIS2BX,Split Hi-Wall,18000.0,760.0,5.73
MDX,VIMC24KCH3S2C23 / VIMC24KCH3S2E23,Split Hi-Wall,24000.0,1020.0,5.72
MDX,VIMC18KCO3S2C13 / VIMC18KCO3S2E13,Split Hi-Wall,18000.0,760.0,5.73
HQ,VIHT18KCO3S2E13 / VIHT18KCO3S2C13,Split Hi-Wall,18000.0,760.0,5.73
HQ,VIHT24KCO3S2E13 / VIHT24KCO3S2C13,Split Hi-Wall,24000.0,1020.0,5.72
HQ,VIHT12KCH3S2E23 /VIHT12KCH3S2E23,Split Hi-Wall,12000.0,500.0,5.75
HQ,VIHT36KCH3S2E23 / VIHT36KCH3S2C23,Split Hi-Wall,36000.0,1564.0,5.71
HISENSE,AS-18TW2RMATT02E,Split Hi-Wall,18000.0,725.0,6.7
HISENSE,AS-24TW2RBBTT03E,Split Hi-Wall,24000.0,1092.0,5.5
HISENSE,AS-18UW2RMATT00E,Split Hi-Wall,18000.0,815.0,6.0
HISENSE,AS-24UW2RBBTT02E,Split Hi-Wall,24000.0,1132.0,5.5
VIX,AS-12TW2RLDDK01 / AS-12TW2RLD00AC,Split Hi-Wall,12000.0,510.0,5.5
HISENSE,AS-09UW2RLCHB00E/AS-09UW2RLC00C,Split Hi-Wall,9000.0,294.0,7.5
HISENSE,AS-09UW2RLCMA00E/AS-09UW2RMA00C,Split Hi-Wall,9000.0,294.0,7.5
HISENSE,AS-12UW2RLUHA00E/AS-12UW2RLU00C,Split Hi-Wall,12000.0,406.0,7.3
HISENSE,AS-12UW2RLUMA00E/AS-12UW2RLU00C,Split Hi-Wall,12000.0,406.0,7.3
HISENSE,AS-18UW2RWPMA00E/AS-18UW2RWP00C,Split Hi-Wall,18000.0,599.0,7.3
HISENSE,AS-24UW2RBWMA00E/AS-24UW2RBW00C,Split Hi-Wall,24000.0,795.0,7.3
HISENSE,AS-30TW2RKZPA00/AS-30TW2RKZ00,Split Hi-Wall,30000.0,1180.0,6.5
HISENSE,AS-30TW2RKZHB00E / AS-30TW2RKZ00C,Split Hi-Wall,30000.0,1180.0,6.5
VIX,AS-09UW2RLDDK01 / AS-09UW2RLD00AC,Split Hi-Wall,9000.0,388.0,5.5
HISENSE,AS-12TW2RLRCK00E / AS-12TW2RLR00C,Split Hi-Wall,12000.0,546.0,5.33
HISENSE,AS-22TW2RXTCK00E /  AS-22TW2RXT00C,Split Hi-Wall,24000.0,995.0,5.3
Fujitsu/Airstage,ASBG12KMBA/AOBG12KMCA,Split Hi-Wall,12000.0,353.0,8.23
HISENSE,AS-09TW2RLDDK00 / AS-09TW2RLD00,Split Hi-Wall,9000.0,370.0,5.5
HISENSE,AS-09TW2RLDDJ00 / AS-09TW2RLD00,Split Hi-Wall,9000.0,370.0,5.5
HISENSE,AS-12TW2RLDTG00 / AS-12TW2RLD00,Split Hi-Wall,12000.0,475.0,5.5
HISENSE,AS-18TW2RMATD02 / AS-18TW2RMA02,Split Hi-Wall,18000.0,655.0,5.5
HISENSE,AS-24TW2RBBDK03 / AS-24TW2RBB03,Split Hi-Wall,24000.0,1055.0,5.5
HISENSE,AS-24TW2RBBDJ03 / AS-24TW2RBB03,Split Hi-Wall,24000.0,1055.0,5.5
HISENSE,AS-30TW2RKKTT01 / 1KK030009ZNPW5678JM0001,Split Hi-Wall,30000.0,1220.0,5.5
TECHFRIO,HT-30INV,Split Hi-Wall,30000.0,1220.0,5.5
HQ,HQ-INV30000FHI / HQ-INV30000FHO,Split Hi-Wall,30000.0,1220.0,5.5
TECHFRIO,ECO18IND / ECO18OUT,Split Hi-Wall,18000.0,315.0,7.0
AGRATTO,LCST18QF - 02I,Split Hi-Wall,18000.0,792.0,5.5
Agratto,LCS18QF-02I,Split Hi-Wall,18000.0,792.0,5.5
Komeco,KOHI 24QC 1HV,Split Hi-Wall,24000.0,1055.0,5.5
AGRATTO,ICST9F - 02,Split Hi-Wall,9000.0,39.6,5.5
AGRATTO,ICST12F - 02,Split Hi-Wall,12000.0,528.0,5.5
HQ,HQI24F-02,Split Hi-Wall,24000.0,1055.0,5.5
AGRATTO,FICST9F-02I,Split Hi-Wall,9000.0,396.0,5.5
AGRATTO,ZICST24F-02,Split Hi-Wall,24000.0,830.0,7.0
HITACHI,RPK09C3IVF - RAA09C3IVF,Split Hi-Wall,9000.0,33.8,6.45
HITACHI,RPK12C3IVF - RAA12C3IVF,Split Hi-Wall,12000.0,454.0,6.39
HITACHI,RPK12C3IVQ - RAA12C3IVQ,Split Hi-Wall,12000.0,466.0,6.23
HITACHI,RPK12D3IVF - RAA12D3IVF,Split Hi-Wall,12000.0,509.0,5.7
Fujitsu/Airstage,ASBH31KMTA/AOBH31KMTA,Split Hi-Wall,31000.0,988.0,7.6
Fujitsu/Airstage,ASBH27CMTA/AOBH27CMTA,Split Hi-Wall,27000.0,838.0,7.8
GREE,GWC18ACD-D3DNA1M,Split Hi-Wall,18000.0,34.2,3.24
GREE,GWC09AGA-D3DNA4AW,Split Hi-Wall,9000.0,395.7,5.51
Gree,GWC30ATEXF-S6DNA1A,Split Hi-Wall,30000.0,975.8,7.44
Gree,GWC09ACA-D6DNA1A,Split Hi-Wall,9000.0,359.0,6.07
Gree,GWC18AWDXD-D6DNA4H,Split Hi-Wall,18000.0,622.0,7.01
Gree,GWC24AVEXE-D6DNA1A,Split Hi-Wall,24000.0,764.0,7.61
Gree,GWC09ATC-D6DNA1A,Split Hi-Wall,9000.0,362.0,6.01
Gree,GWC12ATC-D6DNA1AB,Split Hi-Wall,12000.0,484.0,6.01
Gree,GWC12ATC-D6DNA1CB,Split Hi-Wall,12000.0,484.0,6.01
TCL,TAC-22CSA2,Split Hi-Wall,22000.0,1776.0,3.14
DAIKIN,FTKC24T5VL / RKC24T5VL,Split Hi-Wall,24000.0,830.2,7.0
DAIKIN,FTHC09T5VL / RHC09T5VL,Split Hi-Wall,9000.0,283.4,7.7
Colormaq,AC 18K FRIO BR 220V ACC18IFBRBNAC,Split Hi-Wall,18000.0,753.0,5.68
Midea,38AGVQI18M5 / 42AGVQI18M5,Split Hi-Wall,18000.0,650.7,6.7
Midea,38MGVQI24M5/42MGVQI24M5,Split Hi-Wall,24000.0,843.0,6.9
Midea,38EZVCA24M5 / 42EZVCA24M5,Split Hi-Wall,24000.0,764.9,7.6
Midea,38EZVQA18M5 / 42EZVQA18M5,Split Hi-Wall,18000.0,573.7,7.6
Midea,38EZVCB12M5 / 42EZVCB12M5,Split Hi-Wall,12000.0,354.5,8.2
Midea,38EMVQA24M5 / 42EMVQA24M5,Split Hi-Wall,24000.0,764.9,7.6
Elgin,HJQI12C2WB / HJQE12C2CB,Split Hi-Wall,12000.0,411.0,7.07
Elgin,HJQI18C2WB / HJQE18C2CB,Split Hi-Wall,18000.0,548.0,8.25
Elgin,HJQI24C2WB / HJQE24C2CB,Split Hi-Wall,24000.0,713.0,8.26
Elgin,45HJQI09C2WC / 45HJQE09C2CC,Split Hi-Wall,9000.0,379.0,5.51
ELGIN,HJQI12C2WG/HJQE12C2CG,Split Hi-Wall,12000.0,415.0,7.0
Electrolux,UI12R/UE12R,Split Hi-Wall,12000.0,831.0,3.5
Electrolux,UI18R/UE18R,Split Hi-Wall,18000.0,1245.0,3.5
Electrolux,JI18R/JE18R,Split Hi-Wall,18000.0,793.0,5.5
Electrolux,YE09R/YI09R,Split Hi-Wall,9000.0,397.0,5.5
Electrolux,YE12R/TI12R,Split Hi-Wall,12000.0,529.0,5.5
Electrolux,UE09F/UI09F,Split Hi-Wall,9000.0,623.0,3.5
AIRSTAGE,ASKA09CPBA/AOKA09CPBA,Split Hi-Wall,9000.0,400.0,5.51
AIRSTAGE,ASKA12CPBA/AOKA12CPBA,Split Hi-Wall,12000.0,51.9,5.51
AIRSTAGE,ASKA30KPBA/AOKA30KPBA,Split Hi-Wall,30000.0,1319.0,5.52
AIRSTAGE,ASKA36CPBA/AOKA36CPBA,Split Hi-Wall,36000.0,1556.0,5.52
Vertys,ASIIQ012A2WANV / ASIEQ012A2WANV,Split Hi-Wall,12000.0,546.0,5.53
Vertys,ASIIF018A2WANV / ASIEF018A2WANV,Split Hi-Wall,18000.0,74.3,5.95
Vertys,ASIIQ030A2WANV / ASIEQ030A2WANV,Split Hi-Wall,30000.0,1276.0,6.19
HAIER,HSQF-12RH1MAP/IN + HSQF-12RH1MAP/OU,Split Hi-Wall,12000.0,393.0,7.0
HAIER,HSQB-24RC1MAP/IN + HSQB-24RC1MAP/OU,Split Hi-Wall,24000.0,839.0,7.0
Springer Midea,38TFCI30S5/42AGFCI30S5,Split Hi-Wall,30000.0,2202.1,3.3
Springer Midea,38TFCI22S5/42AFFCI22S5,Split Hi-Wall,22000.0,1441.3,3.7
Elgin,HJFI09C2WB / HJFE09C2CB,Split Hi-Wall,9000.0,287.0,7.6
Elgin,HIFI09C2WA / HIFE09C2CA,Split Hi-Wall,9000.0,341.0,5.93
ELGIN,HJFI30C2WG/HJFE30C2CG,Split Hi-Wall,30000.0,1077.0,7.0
TECHFRIO,TECHINV01F12INT - TECHINV01F12EXT,Split Hi-Wall,12000.0,450.0,6.0
Springer Midea,38AGQA12M5 / 42AGQA12M5,Split Hi-Wall,12000.0,447.0,6.5
Springer Midea,38AGQA18M5 / 42AGQA18M5,Split Hi-Wall,18000.0,727.0,6.0
Springer Midea,38AGVCB12M5 / 42AGVCB12M5,Split Hi-Wall,12000.0,485.0,6.0
Springer Midea,38AGVCB24M5 / 42AGVCB24M5,Split Hi-Wall,24000.0,1057.0,5.5
Springer Midea,38TVCC12S5 / 42AFVCH12S5,Split Hi-Wall,12000.0,528.0,5.5
Springer Midea,38TFCB12S5 / 42AFFCG12S5,Split Hi-Wall,12000.0,866.0,3.36
AZ,AZSW01INVF12INT - AZSW01INVF12EXT,Split Hi-Wall,12000.0,528.0,5.56
AZ,AZSW01INVF24INT - AZSW01INVF24EXT,Split Hi-Wall,24000.0,1038.0,5.62
ECOBLU,EC09QF1,Split Hi-Wall,9000.0,343.0,5.5
ECOBLU,EC12QF1,Split Hi-Wall,12000.0,512.0,5.5
ECOBLU,EC18F1,Split Hi-Wall,18000.0,778.0,5.5
HISENSE,AS-30TW2RKKDA01 / 1KK030009ZNPW5678JM0005,Split Hi-Wall,30000.0,1220.0,5.5
HISENSE,AS-30TW2RKKTT01 / 1KK030009ZNPW5678JM0001,Split Hi-Wall,30000.0,1220.0,5.5
PIONEER,WA030GHFINV / AN030GHFINV,Split Hi-Wall,30000.0,1220.0,5.5
HISENSE,AS-30TW2RKKDJ01 / 1KK030009ZNPW5678JM0006,Split Hi-Wall,30000.0,1220.0,5.5
HQ,HQ-INV30000FHI / HQ-INV30000FHO,Split Hi-Wall,30000.0,1220.0,5.5
GREE,GWC12AAC-D3NNA1DN,Split Hi-Wall,12000.0,870.0,3.51
GREE,GWH18QD-D3NNB4B,Split Hi-Wall,18000.0,34.2,3.24
GREE,GWH24QE-D3NNB4B,Split Hi-Wall,24000.0,45.6,3.24
GREE,GWH12AAC-D3NNA1D,Split Hi-Wall,12000.0,874.0,3.92
VG,VG02SFINV09INT / VG02SFINV09EXT,Split Hi-Wall,9000.0,395.0,5.55
VG,VG02SFINV18INT / VG02SFINV18EXT,Split Hi-Wall,18000.0,805.0,5.53
VG,VG02SFINV24INT / VG02SFINV24EXT,Split Hi-Wall,24000.0,1056.0,5.55
VG,VG02SFINV30INT / VG02SFINV30EXT,Split Hi-Wall,30000.0,1350.0,5.5
VG,VG02SRINV09INT / VG02SRINV09EXT,Split Hi-Wall,9000.0,395.0,5.55
PSG,PSG02SRINV30INT / PSG02SRINV30EXT,Split Hi-Wall,30000.0,1350.0,5.5
TRANE,3MXX1836HF000AA (Evaporadora Piso-Teto); 3TXK1836HF000AA (Condensadora),Split Hi-Wall,36000.0,1378.0,6.36
PHILCO,PAC12000IFM15,Split Hi-Wall,12000.0,530.0,5.5
EOS,EAS12000IQF2,Split Hi-Wall,12000.0,470.0,5.5
PHILCO,PAC12QA,Split Hi-Wall,12000.0,470.0,5.5
BRAVOLT,RC01BT-18KI (Evaporadora) / RC01BT-18KE (Condensadora),Split Hi-Wall,18000.0,806.0,5.5
CACEAIR,CACE02SFINV12INT / CACE02SFINV12EXT,Split Hi-Wall,12000.0,543.0,5.51
CACEAIR,CACE02SFINV30INT / CACE02SFINV30EXT,Split Hi-Wall,30000.0,1300.0,5.52
CACEAIR,CACE02SQINV30INT / CACE02SQINV30EXT,Split Hi-Wall,30000.0,1300.0,5.52
VIX,AS-18UW2RMADK00_IDU / AS-18UW2RMADK00_ODU,Split Hi-Wall,18000.0,515.0,8.43
VIX,AS-24UW2RBBDK02_IDU / AS-24UW2RBBDK02_ODU,Split Hi-Wall,24000.0,805.0,7.03
VIX,AS-30HF2SKHTU00_IDU / AS-30HF2SKHTU00_ODU,Split Hi-Wall,30000.0,1657.0,4.06
VIX,AS-09CR2SLDDK00_IDU / AS-09CR2SLDDK00_ODU,Split Hi-Wall,9000.0,680.0,3.14
VIX,AS-12CR2SLEDDK00_ODU / AS-12CR2SLEDK00_IDU,Split Hi-Wall,12000.0,887.1,3.14
VIX,AS-09CR2SLDDK02_IDU / AS-09CR2SLDDK02_ODU,Split Hi-Wall,9000.0,680.0,3.14
AGRATTO,FACS22FR4- 02,Split Hi-Wall,22000.0,1522.0,3.5
MARA!,MARA02SQFINV12INT7 / MARA02SQFINV12EXT7,Split Hi-Wall,12000.0,504.0,7.05
TCL,TAC-18CHSA2-INV,Split Hi-Wall,18000.0,722.0,6.01
SIMPLEY,CFSPL24IIS2BX - CFSPL24EIS2BX,Split Hi-Wall,24000.0,1016.0,5.73
MBO,MBOINV09C2I,Split Hi-Wall,9000.0,1267.2,5.5
TCL,TAC-09CSA2-INV,Split Hi-Wall,9000.0,355.0,6.14
TCL,TAC-09CSGV-INV,Split Hi-Wall,9000.0,483.0,4.5
CONSUL,CBK22C / CBL22C,Split Hi-Wall,22000.0,88.7,6.0
EOS,EAS12000IF,Split Hi-Wall,12000.0,558.0,5.5
EOS,EAS12000IQF,Split Hi-Wall,12000.0,558.0,5.5
PHILCO,PAC12000ITQFM12W,Split Hi-Wall,12000.0,558.0,5.5
BRITÂNIA,BAC12000ITFM9W PROTECT,Split Hi-Wall,12000.0,515.0,5.5
PHILCO,PAC12000ITFM9W,Split Hi-Wall,12000.0,515.0,5.5
PHILCO,PAC9000ITQFM9W,Split Hi-Wall,9000.0,454.0,5.5
ARMONY,ARM01IR12INT / ARM01IR12EXT,Split Hi-Wall,12000.0,544.0,5.5
VIX,AS-09CR2SYDDK00.indoor / AS-09CR2SYDDK00.outdoor,Split Hi-Wall,9000.0,595.0,3.21
VIX,AS-12CR2SVEDK04_IDU / AS-12CR2SVEDK04_ODU,Split Hi-Wall,12000.0,773.0,3.62
HQ,INV12000QFA,Split Hi-Wall,12000.0,479.0,5.5
HQ,INV24000QFA,Split Hi-Wall,24000.0,959.0,5.5
SAMSUNG,AR12BVFAAWKNAZ,Split Hi-Wall,12000.0,485.0,6.0
SAMSUNG,AR18BVHZCWKNAZ,Split Hi-Wall,18000.0,703.0,6.2
SAMSUNG,AR09CVFAAWKNAZ,Split Hi-Wall,9000.0,273.0,9.0
SAMSUNG,AR12CVFAAWKNAZ,Split Hi-Wall,12000.0,364.0,8.2
SAMSUNG,AR24CSECABTNAZ,Split Hi-Wall,22000.0,888.0,6.0
TECHFRIO,TECHPOPIND12K / TEC HPOPOUT12K,Split Hi-Wall,12000.0,540.0,5.55
BRAVOLT,BRAVOLTIND18K / BRAVOLTOUT18K,Split Hi-Wall,18000.0,820.0,5.7
TECHFRIO,TECHECO24IND / TECHECO24OUT,Split Hi-Wall,24000.0,791.0,7.21
PHILCO,PAC18000IQFM12W,Split Hi-Wall,18000.0,810.0,5.5
PHILCO,PAC24000IQFM9W,Split Hi-Wall,24000.0,995.0,5.5
PHILCO,PAC30000IQFM8W PROTECT,Split Hi-Wall,30000.0,1172.0,6.2
PHILCO,PAC12000IFM14,Split Hi-Wall,12000.0,529.0,5.5
LG,S3NQ18KLQAL+S3UQ18KLQAL,Split Hi-Wall,19000.0,836.2,5.5
LG,S3NQ12JAR1K+S3UQ12JAR1K,Split Hi-Wall,12000.0,484.6,6.0
LG,S3NW18KL31A+S3UW18KL31A,Split Hi-Wall,19000.0,742.4,6.2
LG,S3NW24K2R7A+S3UW24K2R7A,Split Hi-Wall,22000.0,833.0,6.4
LG,S3NW24K231A+S3UW24K231A,Split Hi-Wall,22000.0,833.0,6.4
LG,S3NW09AA33C+S3UW09AA33C,Split Hi-Wall,9000.0,363.3,6.0
LG,S3NW12JA33B+S3UW12JA33B,Split Hi-Wall,12000.0,484.6,6.0
LG,S3NW12JAQAL+S3UW12JAQAL,Split Hi-Wall,11000.0,484.4,5.5
LG,S3NQ12JA31E+S3UQ12JA31E,Split Hi-Wall,12000.0,484.7,6.0
LG,S3NQ24K233B+S3UQ24K233B,Split Hi-Wall,22000.0,888.3,6.0
LG,S3NQ120AKH0 + S3UQ120AKH0,Split Hi-Wall,12000.0,382.5,7.6
LG,S3NW120AKH0 + S3UW120AKH0,Split Hi-Wall,12000.0,382.5,7.6
LG,S3NQ12JA33L+S3UQ12JA33L,Split Hi-Wall,12000.0,415.2,7.0
LG,S3NQ24K233C+S3UQ24K233C,Split Hi-Wall,22000.0,761.1,7.0
TCL,TAC-12CHTG1-INV,Split Hi-Wall,12000.0,478.0,6.0
TCL,TAC-24CHTG1-INV,Split Hi-Wall,24000.0,899.0,6.3
TCL,TAC-24CHTG2-INV,Split Hi-Wall,24000.0,899.0,6.3
TCL,TAC-12CHTG2-INV,Split Hi-Wall,12000.0,490.0,5.83
TCL,TAC-18CHTG3-INV,Split Hi-Wall,18000.0,598.0,7.01
TCL,TAC-24CHTG3-INV,Split Hi-Wall,24000.0,812.0,7.06
AGRATTO,ACST12F - 02,Split Hi-Wall,12000.0,830.0,3.5
AIWA,AWS-AC-18QF,Split Hi-Wall,18000.0,607.0,7.0
GREE,GWC09QA-D3DNB8M,Split Hi-Wall,9000.0,17.1,3.24
GREE,GWC18QD-D3DNB8M,Split Hi-Wall,18000.0,34.2,3.24
GREE,GWC12ACC-D3DNA1M,Split Hi-Wall,12000.0,22.8,3.24
GREE,GWC18AGD-D3DNA4DW,Split Hi-Wall,18000.0,751.9,5.8
Gree,GWC09ATA-D6DNA2B,Split Hi-Wall,9000.0,402.2,5.42
Gree,GWC27ATE-D6DNA2A,Split Hi-Wall,27000.0,1025.3,6.26
Gree,GWC12ATB-D6DNA2A,Split Hi-Wall,12000.0,536.1,5.42
Gree,GWC24ACE-D6DNA1B,Split Hi-Wall,24000.0,892.0,6.52
Gree,GWC09ATA-D6DNA2C,Split Hi-Wall,9000.0,410.6,5.31
Gree,GWC12ATC-D6DNA1B,Split Hi-Wall,12000.0,482.6,6.02
Gree,GWC18ATD-D6DNA4A,Split Hi-Wall,18000.0,793.6,5.49
Gree,GWC24ATD-D6DNA4A,Split Hi-Wall,24000.0,1059.5,5.46
Gree,GWC09AWBXB-D6DNA4B,Split Hi-Wall,9000.0,311.0,7.01
Gree,GWC24AWEXE-D6DNA4E,Split Hi-Wall,24000.0,829.0,7.01
Gree,GWC12ATC-D6DNA1BB,Split Hi-Wall,12000.0,484.0,6.01
Gree,GWC30ATEXF-S6DNA1AC,Split Hi-Wall,30000.0,1208.0,6.01
Gree,GWC09ATCXB-D6DNA3D,Split Hi-Wall,9000.0,311.0,7.01
Fujitsu/Airstage,ASBH27KMTA/AOBH27KMTA,Split Hi-Wall,27000.0,860.0,7.6
Fujitsu/Airstage,ASBG09CMBA/AOBG09CMCA,Split Hi-Wall,9000.0,266.0,8.2
TRONOS,ASW-30H8A2 / QCR3DI-C0,Split Hi-Wall,30000.0,1315.0,5.5
GREE,GWH09ACA-D3DNA1B,Split Hi-Wall,9000.0,378.8,6.0
GREE,GWH12ACC-D3DNA1J,Split Hi-Wall,12000.0,429.0,6.37
GREE,GWH09AEC-K3DNA1A,Split Hi-Wall,9000.0,294.5,7.4
Gree,GWH24ATD-D6DNA2A,Split Hi-Wall,24000.0,1044.2,5.46
Gree,GWH09ACA-D6DNA1A,Split Hi-Wall,9000.0,363.0,6.0
Gree,GWH09ATA-D6DNA2C,Split Hi-Wall,9000.0,402.6,5.41
Gree,GWH24AUD-D6DNA1A,Split Hi-Wall,24000.0,1018.0,5.71
Gree,GWH12AWCXB-D6DNA4C,Split Hi-Wall,12000.0,415.0,7.01
Gree,GWH12ATC-D6DNA1AB,Split Hi-Wall,12000.0,484.0,6.01
AIWA,AWS-AC-30QF,Split Hi-Wall,30000.0,802.0,7.0
LIFE,LIFEH36K IN (Evaporadora) / LIFEH36K OUT (Condensadora),Split Hi-Wall,36000.0,162.8,5.5
EOS,EAS30001IQFI - EAS30001IQFE,Split Hi-Wall,30000.0,1256.0,5.77
EMMETI,CQEMT30IIS2AX - CQEMT30EIS2AX,Split Hi-Wall,30000.0,1256.0,5.77
EMMETI,CQEMT36IIS2AX - CQEMT36EIS2AX,Split Hi-Wall,36000.0,1564.0,5.71
EOS,EAS12001IFI - EAS12001IFE,Split Hi-Wall,12000.0,500.0,5.75
HQ,CQHQ30IIS2BX / CQHQ30EIS2BX,Split Hi-Wall,30000.0,1256.0,5.77
HQ,CQHQ36IIS2BX / CQHQ36EIS2BX,Split Hi-Wall,36000.0,1564.0,5.71
HQ,CFHQ30IIS2BX / CFHQ30EIS2BX,Split Hi-Wall,30000.0,1256.0,5.77
HQ,CFHQ36IIS2BX / CFHQ36EIS2BX,Split Hi-Wall,36000.0,1564.0,5.71
MDX,VIMC12KCH3S2C23 / VIMC12KCH3S2E23,Split Hi-Wall,12000.0,500.0,5.75
MDX,VIMC30KCH3S2C23 / VIMC30KCH3S2E23,Split Hi-Wall,30000.0,1256.0,5.77
MDX,VIMC36KCH3S2C23 / VIMC36KCH3S2E23,Split Hi-Wall,36000.0,1584.0,5.71
HQ,VIHT9KCH3S2E23 / VIHT9KCH3S2c23,Split Hi-Wall,9000.0,380.0,5.72
FONTAINE,FON02SFI12INT / FON02SFI12EXT,Split Hi-Wall,12000.0,460.0,7.03
EMMETI,CFEMT18IOS2BX - CFEMT18EOS2BX,Split Hi-Wall,18000.0,1194.0,3.6
EOS,EAS9000FI - EAS9000FE,Split Hi-Wall,9000.0,631.0,3.62
HQ,CFHQ18IOS2AX / CFHQ18EOS2AX,Split Hi-Wall,18000.0,1194.0,3.6
HQ,CFHQ30IOS2AX / CFHQ30EOS2AX,Split Hi-Wall,30000.0,2320.0,3.52
MDX,VOMC18KCO4S2C13 / VOMC18KCO4S2E13,Split Hi-Wall,18000.0,1194.0,3.6
HQ,VOHT18KCO4S2E13 / VOHT18KCO4S2C13,Split Hi-Wall,18000.0,1194.0,3.6
HQ,VOHT30KCO4S2E13 / VOHT30KCO4S2C13,Split Hi-Wall,30000.0,2320.0,3.52
Vertys,ASIIQ009A2WANV / ASIEQ009A2WANV,Split Hi-Wall,9000.0,406.0,5.7
Vertys,ASIIF009A2WASV / ASIEF009A2WASV,Split Hi-Wall,9000.0,330.0,7.15
Electrolux,JI09R/JE09R,Split Hi-Wall,9000.0,397.0,5.5
Electrolux,JE12F/JI12F,Split Hi-Wall,12000.0,529.0,5.5
Electrolux,JI24F/JIE24F,Split Hi-Wall,24000.0,1058.0,5.5
Electrolux,YE18R/YI18R,Split Hi-Wall,18000.0,793.0,5.5
Electrolux,YE24R/YI24R,Split Hi-Wall,24000.0,1056.0,5.5
PIONEER,WA009GHFINV / AN009GHFINV,Split Hi-Wall,9000.0,370.0,5.5
PIONEER,WA012GHFINV / AN012GHFINV,Split Hi-Wall,12000.0,475.0,5.5
PIONEER,WA018GHFINV / AN018GHFINV,Split Hi-Wall,18000.0,655.0,5.5
TECHFRIO,HT-18INV,Split Hi-Wall,18000.0,655.0,5.5
TECHFRIO,HT-12INV,Split Hi-Wall,12000.0,475.0,5.5
HQ,HQ-INV12000FHI / HQ-INV12000FHO,Split Hi-Wall,12000.0,475.0,5.5
HISENSE,AS-12TW2RLDTD00 / AS-12TW2RLD00,Split Hi-Wall,12000.0,475.0,5.5
HISENSE,AS-18TW2RMADJ02 / AS-18TW2RMA02,Split Hi-Wall,18000.0,655.0,5.5
HISENSE,AS-30TW2RKKVQ01 / 1KK030009ZNPW5678JM0003,Split Hi-Wall,30000.0,1220.0,5.5
HISENSE,AS-12UW5RXVQE00A / AS-12UW5RXV00A,Split Hi-Wall,12000.0,299.0,8.4
HISENSE,AS-18TW2RWPHB00 / AS-18TW2RWP00,Split Hi-Wall,18000.0,622.0,7.0
HISENSE,AS-18TW2RGSCK00 / AS-18TW2RGS00,Split Hi-Wall,18000.0,806.0,5.3
Agratto,ICST9QF-02,Split Hi-Wall,9000.0,396.0,5.5
Agratto,ICST12QF-02,Split Hi-Wall,12000.0,528.0,5.5
Komeco,KOHI 18QC 1HV,Split Hi-Wall,18000.0,792.0,5.5
AGRATTO,KNICST18QF- 02,Split Hi-Wall,24000.0,829.0,7.0
AGRATTO,LCS30F - 02I,Split Hi-Wall,30000.0,1321.0,5.5
AGRATTO,ICS30F - 02,Split Hi-Wall,30000.0,1320.0,5.5
HQ,HQI30F-02,Split Hi-Wall,30000.0,1321.0,5.5
AGRATTO,LCST30F - 02I,Split Hi-Wall,30000.0,1320.0,5.5
AGRATTO,ICS9F-02,Split Hi-Wall,9000.0,396.0,5.5
HQ,HQIT24F-02,Split Hi-Wall,24000.0,1056.0,5.5
AGRATTO,KNICST9F-02,Split Hi-Wall,9000.0,311.0,7.0
AGRATTO,KNICST12F-02,Split Hi-Wall,12000.0,414.0,7.0
HISENSE,AS-36TW2RKKVQ00E,Split Hi-Wall,36000.0,1600.0,5.6
HISENSE,AS-12TW2RLDTD00AE / AS-12TW2RLD00AC,Split Hi-Wall,12000.0,510.0,5.5
HISENSE,AS-09TW2RLDTT00AE / AS-09TW2RLD00AC,Split Hi-Wall,9000.0,388.0,5.5
HISENSE,AS-12TW2RLDTT00AE / AS-12TW2RLD00AC,Split Hi-Wall,12000.0,510.0,5.5
HISENSE,AS-12TW2RLDDK00AE / AS-12TW2RLD00AC,Split Hi-Wall,12000.0,510.0,5.5
VIX,AS-09TW2RLDDK02 / AS-09TW2RLD00AC,Split Hi-Wall,9000.0,388.0,5.5
VIX,AS-09TW2RLDDK03 / AS-09TW2RLD00AC,Split Hi-Wall,9000.0,388.0,5.5
HISENSE,AS-24TW2RBWMA00E/AS-24TW2RBW00C,Split Hi-Wall,24000.0,800.0,7.2
HISENSE,AS-12UW2RLUHB00E/AS-12UW2RLU00C,Split Hi-Wall,12000.0,406.0,7.3
HISENSE,AS-18UW2RWPHA00E/AS-18UW2RWP00C,Split Hi-Wall,18000.0,599.0,7.3
PIONEER,WA036GRFINV / AN036GRFINV,Split Hi-Wall,36000.0,1374.0,6.5
HISENSE,AS-36UW5RKZHB00E / AS-36UW5RKZ00C,Split Hi-Wall,36000.0,1316.0,6.5
HISENSE,AS-36TW2RKZHB00E / AS-36TW2RKZ00C,Split Hi-Wall,36000.0,1374.0,6.5
AIRSTAGE,ASKA09KPBA/AOKA09KPBA,Split Hi-Wall,9000.0,38.4,5.53
AIRSTAGE,ASKA18CPBA/AOKA18CPBA,Split Hi-Wall,18000.0,75.9,5.52
DAIKIN,FTHP18S5VL / RHP18S5VL,Split Hi-Wall,18000.0,573.2,7.6
Colormaq,AC 12K FRIO BR 220V ACC12IFBRBNAC,Split Hi-Wall,12000.0,587.0,5.69
Springer Midea,38TVCI09S5/42AFVCI09S5,Split Hi-Wall,9000.0,396.4,5.5
Midea,38EZVQA24M5 / 42EZVQA24M5,Split Hi-Wall,24000.0,764.9,7.6
Midea,38EZVCA12M5 / 42EZVCA12M5,Split Hi-Wall,12000.0,382.5,7.6
Midea,38TBVCA09M5 / 42EBVCA09M5,Split Hi-Wall,9000.0,473.9,4.6
Midea,38TBVCA22M5 / 42EBVCA22M5,Split Hi-Wall,22000.0,1158.5,4.6
Midea,38EFVCA09M8  / 42EFVCA09M8,Split Hi-Wall,9000.0,311.4,7.0
Midea,38EFVCA12M8 / 42EFVCA12M8,Split Hi-Wall,12000.0,415.2,7.0
Midea,38EMVQA18M5 / 42EMVQA18M5,Split Hi-Wall,18000.0,573.7,7.6
Elgin,HJQI30C2WB / HJQE30C2CB,Split Hi-Wall,30000.0,1026.0,7.09
Elgin,HIQI09C2WA / HIQE09C2CA,Split Hi-Wall,9000.0,344.0,5.91
Elgin,HIQI18C2WA / HIQE18C2CA,Split Hi-Wall,18000.0,785.0,5.5
Elgin,HIQI30C2WA / HIQE30C2CA,Split Hi-Wall,30000.0,1234.0,5.5
Elgin,HJQI24C2WC / HJQE24C2CC,Split Hi-Wall,24000.0,972.0,5.59
Elgin,45HJQI12C2WC / 45HJQE12C2CC,Split Hi-Wall,12000.0,514.0,5.51
SAMSUNG,AR09DXEAAWKNAZ + AR09DXEAAWKXAZ,Split Hi-Wall,9000.0,312.0,7.0
SAMSUNG,AR09DYFAAWKNAZ + AR09DYFAAWKXAZ,Split Hi-Wall,9000.0,363.0,6.0
SAMSUNG,AR12DYFABWKNAZ + AR12DYFABWKXAZ,Split Hi-Wall,12000.0,488.0,6.0
SAMSUNG,AR12DYFZAWKNAZ + AR12DYFZAWKXAZ,Split Hi-Wall,11000.0,459.0,5.8
SAMSUNG,AR18DYFAAWKNAZ + AR18DYFAAWKXAZ,Split Hi-Wall,18000.0,727.0,6.0
SAMSUNG,AR18DYFABWKNAZ + AR18DYFABWKXAZ,Split Hi-Wall,18000.0,727.0,6.0
SAMSUNG,AR24DYFZAWKNAZ + AR24DYFZAWKXAZ,Split Hi-Wall,24000.0,922.0,6.3
SAMSUNG,AR70H12C1BBNAZ + AR70H12C1BBXAZ,Split Hi-Wall,12000.0,416.0,7.0
SAMSUNG,AR70H24C1ABNAZ + AR70H24C1ABXAZ,Split Hi-Wall,23000.0,796.0,7.0
Gree,GWC18ATDXB-D6DNA1A,Split Hi-Wall,18000.0,805.2,5.41
Gree,GWC30ATEXF-S6DNA1AA,Split Hi-Wall,30000.0,1343.0,5.41
Gree,GWC24ATDXE-S6DNA1AB,Split Hi-Wall,24000.0,969.0,6.0
Gree,GWC22ATDXE-S6DNA1AB,Split Hi-Wall,22000.0,965.0,5.52
Gree,GWC18ATDXD-D6DNA3EM,Split Hi-Wall,18000.0,622.0,7.01
Gree,GWC30ATEXF-S6DNA3AM,Split Hi-Wall,30000.0,1036.0,7.01
Gree,GWC09ATBXB-D6DNA3BM,Split Hi-Wall,9000.0,311.0,7.01
PHILCO,PAC18QB,Split Hi-Wall,18000.0,736.0,5.5
PHILCO,PAC12QC,Split Hi-Wall,12000.0,493.0,5.5
PHILCO,PAC30QC,Split Hi-Wall,30000.0,1292.0,5.5
PHILCO,PAC18FC,Split Hi-Wall,18000.0,724.0,5.5
PHILCO,PAC30FC,Split Hi-Wall,30000.0,1243.0,5.5
BRITÂNIA,BAC24FC,Split Hi-Wall,24000.0,1036.0,5.5
PHILCO,PAC12QB,Split Hi-Wall,12000.0,493.0,5.5
PHILCO,PAC9QG,Split Hi-Wall,9000.0,376.0,5.5
PRIME AIR,PRIME AIR 18QG,Split Hi-Wall,18000.0,724.0,5.5
PRIME AIR,PRIME AIR 24QG,Split Hi-Wall,24000.0,1036.0,5.5
HAIER,HSQB-09RH1MAP/IN + HSQB-09RH1MAP/OU,Split Hi-Wall,9000.0,286.0,7.22
HAIER,HSQF-18RH1MAP/IN + HSQB-18RH1MAP/OU,Split Hi-Wall,18000.0,586.0,7.2
HAIER,HSQB-24RH1MAP/IN + HSQB-24RH1MAP/OU,Split Hi-Wall,24000.0,748.0,7.18
HAIER,HSQF-24RH1MAP/IN + HSQF-24RH1MAP/OU,Split Hi-Wall,24000.0,748.0,7.18
Springer Midea,38AGCA18M5 / 42AGCA18M5,Split Hi-Wall,18000.0,727.0,6.0
TCL,TAC-18CFG3WI-INV / TAC-18CFG3O-INV,Split Hi-Wall,18000.0,629.0,7.05
Elgin,HJFI24C2WB / HJFE24C2CB,Split Hi-Wall,24000.0,769.0,7.62
ELGIN,HJFI12C2WF/HJFE12C2CF,Split Hi-Wall,12000.0,406.0,7.0
ELGIN,HJFI12C2WG/HJFE12C2CG,Split Hi-Wall,12000.0,415.0,7.0
ELGIN,HJFI18C2WG/HJFE18C2CG,Split Hi-Wall,18000.0,623.0,7.0
TOCHFRIO,TOFINV02F12INT / TOFINV02F12EXT,Split Hi-Wall,12000.0,383.0,7.59
HQ,INV18000QFA,Split Hi-Wall,18000.0,703.0,5.6
HQ,INV36000QFA,Split Hi-Wall,36000.0,1438.0,5.5
CONSUL,CBN09C / CBO09C,Split Hi-Wall,9000.0,67.3,3.24
Springer Midea,38AGQA24M5 / 42AGQA24M5,Split Hi-Wall,24000.0,1057.0,5.5
Midea,38AEVQA12M5 / 42AEVQA12M5,Split Hi-Wall,12000.0,398.0,7.3
Midea,38AEVQA18M5 / 42AEVQA18M5,Split Hi-Wall,18000.0,566.0,7.7
Springer Midea,38AGVQC09M5 / 42AGVQC09M5,Split Hi-Wall,9000.0,308.0,7.08
Springer Midea,38AGVQC24M5 / 42AGVQC24M5,Split Hi-Wall,24000.0,1057.0,5.5
Springer Midea,38TVQC18S5 / 42AFVQH18S5,Split Hi-Wall,18000.0,793.0,5.5
Springer Midea,38TVCC09S5 / 42AFVCH09S5,Split Hi-Wall,9000.0,396.0,5.5
Springer Midea,38TFCB18S5 / 42AFFCG18S5,Split Hi-Wall,18000.0,1246.0,3.5
ARFRIOBOM,AFB01SHINV30INT - AFB01SHINV30EXT,Split Hi-Wall,30000.0,1315.0,5.52
LG,S3NW091L1C0+S3UW091L1C0,Split Hi-Wall,9000.0,239.5,9.1
ECOBLU,EC09F1,Split Hi-Wall,9000.0,343.0,5.5
ECOBLU,EC12F1,Split Hi-Wall,12000.0,512.0,5.5
ECOBLU,EC30F1,Split Hi-Wall,30000.0,1279.0,5.5
VG,VG01SHINV12INT - VG01SHINV12EXT,Split Hi-Wall,12000.0,52.8,5.51
PSG,PSG01SHINV18INT - PSG01SHINV18EXT,Split Hi-Wall,18000.0,791.0,5.51
PSG,PSG01SHINV24INT - PSG01SHINV24EXT,Split Hi-Wall,24000.0,1057.0,5.51
HISENSE,AS-30TW2RKKVQ01 / 1KK030009ZNPW5678JM0003,Split Hi-Wall,30000.0,1220.0,5.5
HISENSE,AS-30TW2RKKDK01 / 1KK030009ZNPW5678JM0002,Split Hi-Wall,30000.0,1220.0,5.5
GREE,GWH12QC-D3NNB4AN,Split Hi-Wall,12000.0,851.0,3.51
GREE,GWH12QC-D3NNB4B,Split Hi-Wall,12000.0,22.8,3.24
GREE,GWH30QE-D3NNB4B,Split Hi-Wall,30000.0,56.3,3.28
GREE,GWH12AAB-D3NNA1D,Split Hi-Wall,12000.0,786.0,3.91
GREE,GWH30AGEXH-D3NNA2A,Split Hi-Wall,30000.0,2012.0,3.77
VIX,AS-24CR2SBBDK01.indoor / AS-24CR2SBBDK01.outdoor,Split Hi-Wall,24000.0,1538.0,3.78
VIX,AS-12TW2RLDDK00.indoor / AS-12TW2RLDDK00.outdoor,Split Hi-Wall,12000.0,336.0,8.08
VIX,AS-09CR2SLDDK00_IDU / AS-09CR2SLDDK00_ODU,Split Hi-Wall,9000.0,680.0,3.14
VG,VG02SRINV12INT / VG02SRINV12EXT,Split Hi-Wall,12000.0,538.0,5.5
PSG,PSG02SFINV12INT / PSG02SFINV12EXT,Split Hi-Wall,12000.0,538.0,5.5
KENNEDY,KEN01F18INT - KEN01F18EXT,Split Hi-Wall,18000.0,1234.0,3.52
TECHFRIO,TECHINV01F18INT - TECHINV01F18EXT,Split Hi-Wall,18000.0,928.0,5.5
Springer Midea,38TFCI09S5/42AFFCI09S5,Split Hi-Wall,9000.0,623.0,3.5
Springer Midea,38TFCI12S5/42AFFCI12S5,Split Hi-Wall,12000.0,914.1,3.18
SIMPLEY,CFSPL12IOS2BX - CFSPL12IOS2BX,Split Hi-Wall,12000.0,826.0,3.55
SIMPLEY,CFSPL18IOS2BX - CFSPL18EOS2BX,Split Hi-Wall,18000.0,1194.0,3.6
EMMETI,CFEMT09IOS2BX - CFEMT09EOS2BX,Split Hi-Wall,9000.0,631.0,3.62
EMMETI,CFEMT12IOS2BX - CFEMT12EOS2BX,Split Hi-Wall,12000.0,826.0,3.55
EOS,EAS12000FI - EAS12000FE,Split Hi-Wall,12000.0,826.0,3.55
HQ,CFHQ12IOS2AX / CFHQ12EOS2AX,Split Hi-Wall,12000.0,826.0,3.55
HQ,CFHQ24IOS2AX / CFHQ24EOS2AX,Split Hi-Wall,24000.0,1526.0,3.57
GREE,GWH18ACD-D3DNA1B,Split Hi-Wall,18000.0,699.8,7.19
GREE,GWH18AGD-D3DNA4DW,Split Hi-Wall,18000.0,681.0,6.4
GREE,GWH30AGEXH-S3DNA4A,Split Hi-Wall,30000.0,1149.3,6.1
Gree,GWH12ATB-D6DNA2A,Split Hi-Wall,12000.0,536.0,5.42
Gree,GWH24ACE-D6DNA1B,Split Hi-Wall,24000.0,947.1,6.14
Gree,GWH24ATEXE-D6DNA3E,Split Hi-Wall,24000.0,829.0,7.01
Gree,GWH24AWEXE-D6DNA4E,Split Hi-Wall,24000.0,829.0,7.01
Gree,GWH09ATA-D6DNA1AB,Split Hi-Wall,9000.0,362.0,6.01
Gree,GWH24ATE-D6DNA1AB,Split Hi-Wall,24000.0,967.0,6.01
BRITÂNIA,BAC12000TFM12,Split Hi-Wall,12000.0,845.0,3.14
PHILCO,PAC12000TFM12,Split Hi-Wall,12000.0,869.0,3.14
CONSUL,CBK18C / CBL18C,Split Hi-Wall,18000.0,72.7,6.0
CONSUL,CBK12E / CBL12E,Split Hi-Wall,12000.0,529.0,5.5
AGRATTO,ACS22FR4 - 02,Split Hi-Wall,22000.0,1522.0,3.5
AGRATTO,FACS18FR4- 02,Split Hi-Wall,18000.0,1243.0,3.5
TCL,TAC-18CTG2X-INV,Split Hi-Wall,18000.0,786.0,5.6
TCL,TAC-12CFG3W-INV,Split Hi-Wall,12000.0,403.0,7.05
TCL,TAC-12CFG3B-INV,Split Hi-Wall,12000.0,403.0,7.05
TCL,TAC-18CTG3-INV,Split Hi-Wall,18000.0,602.0,7.0
TCL,TAC-24CTG3-INV,Split Hi-Wall,24000.0,799.0,7.01
TCL,TAC-18CHTG2-INV,Split Hi-Wall,18000.0,72.0,6.01
TRONOS,ASW-12C5A2 / QCR3DI-C4,Split Hi-Wall,12000.0,526.0,5.5
TRONOS,ASW-18E3D2 / QCR3DI-C0,Split Hi-Wall,18000.0,694.0,6.0
AUFIT,AUF-09COQG,Split Hi-Wall,12000.0,587.0,5.69
AUFIT,AUF-18COQG,Split Hi-Wall,18000.0,751.0,5.69
TRONOS,ASW-09B6E2 / QCR3DI-C0,Split Hi-Wall,9000.0,264.0,6.0
SAMSUNG,AR09BVFAAWKNAZ,Split Hi-Wall,9000.0,364.0,6.0
SAMSUNG,AR09BSEAAMGNAZ,Split Hi-Wall,9000.0,312.0,7.0
SAMSUNG,AR12BSEAAMGNAZ,Split Hi-Wall,12000.0,485.0,6.0
SAMSUNG,AR09BSEAAWKNAZ,Split Hi-Wall,9000.0,312.0,7.0
SAMSUNG,AR12BSEAAWKNAZ,Split Hi-Wall,12000.0,485.0,6.0
SAMSUNG,AR12BSHZCWKNAZ,Split Hi-Wall,12000.0,485.0,6.0
SAMSUNG,AR24BSHZCWKNAZ,Split Hi-Wall,22000.0,888.0,6.0
SAMSUNG,AR18BVFAAWKNAZ,Split Hi-Wall,18000.0,703.0,6.2
SAMSUNG,AR12CVFAMWKNAZ,Split Hi-Wall,12000.0,480.0,6.0
SAMSUNG,AR12CVHZAWKNAZ,Split Hi-Wall,12000.0,480.0,6.0
SAMSUNG,AR18CVFCABTNAZ,Split Hi-Wall,18000.0,703.0,6.2
SAMSUNG,AR09CVFABWKNAZ,Split Hi-Wall,9000.0,364.0,6.0
TCL,TAC-24CHSA2-INV,Split Hi-Wall,24000.0,965.0,6.02
TCL,TAC-34CHSG2-INV,Split Hi-Wall,34000.0,1301.0,6.5
CACEAIR,CACE01SFINV24INT / CACE01SFINV24EXT,Split Hi-Wall,24000.0,1120.0,5.5
PHILCO,PAC9000ITQFM12W,Split Hi-Wall,9000.0,369.0,5.5
PHILCO,PAC12000ITQFM9W,Split Hi-Wall,12000.0,515.0,5.5
BRITÂNIA,BAC9000ITQFM9W PROTECT,Split Hi-Wall,9000.0,454.0,5.5
BRITÂNIA,BAC12000ITQFM9W PROTECT,Split Hi-Wall,12000.0,515.0,5.5
FONTAINE,FON02SFI18INT / FON02SFI18EXT,Split Hi-Wall,18000.0,630.0,7.05
PHILCO,PAC30000IFM15,Split Hi-Wall,30000.0,1229.0,5.5
BRITÂNIA,BAC12000IFM15,Split Hi-Wall,12000.0,530.0,5.5
BRITÂNIA,BAC12000IQFM15,Split Hi-Wall,12000.0,470.0,5.5
PRIME AIR,PRIME AIR 12000ITF2,Split Hi-Wall,12000.0,530.0,5.5
BRITÂNIA,BAC24000IQFM15,Split Hi-Wall,24000.0,833.0,5.5
PHILCO,PAC9000IQFM15 / PAC9000IQFM15E,Split Hi-Wall,9000.0,369.0,5.5
PHILCO,PAC18000IQFM15 / PAC18000IQFM15E,Split Hi-Wall,18000.0,800.0,5.5
EOS,EAS12000IF2,Split Hi-Wall,12000.0,530.0,5.5
EOS,EAS18000IF2,Split Hi-Wall,18000.0,764.0,5.5
PHILCO,PAC9FF,Split Hi-Wall,9000.0,292.0,5.5
PHILCO,PAC9QF,Split Hi-Wall,9000.0,369.0,5.5
AIWA,AWS-AC-24QF,Split Hi-Wall,24000.0,838.0,7.0
FONTAINE,FCST12F-02,Split Hi-Wall,12000.0,830.0,3.5
AGRATTO,FACST9F - 02,Split Hi-Wall,9000.0,623.0,3.5
AIWA,AWS-AC-9F,Split Hi-Wall,9000.0,314.0,5.5
TECHFRIO,TECH01F18INT - TECH01F18EXT,Split Hi-Wall,18000.0,1162.0,3.16
HQ,CFHQ24IIS2AX / CFHQ24EIS2AX,Split Hi-Wall,24000.0,1016.0,5.73
HQ,CFHQ30IIS2AX / CFHQ30EIS2AX,Split Hi-Wall,30000.0,1267.0,5.71
SIMPLEY,CFSPL09IIS2BX - CFSPL09EIS2BX,Split Hi-Wall,9000.0,383.0,5.7
MBO,MBOINV18C2I,Split Hi-Wall,18000.0,2534.4,5.89
MBO,MBOINV12C2I,Split Hi-Wall,12000.0,1689.6,5.8
VIX,AS-12CR2SVEDK04_IDU / AS-12CR2SVEDK04_ODU,Split Hi-Wall,12000.0,773.0,3.62
VIX,AS-30TW2RKKDK01_IDU / AS-30TW2RKKDK01_ODU,Split Hi-Wall,30000.0,863.0,9.32
VIX,AS-30UW2RKKDK01_IDU / AS-30UW2RKKDK01_ODU,Split Hi-Wall,30000.0,873.0,9.2
VIX,AS-18HR5SXSCA00_IDU / AS-18HR5SXSCA00_ODU,Split Hi-Wall,17000.0,1151.0,3.36
VIX,AS-22HR5SBTCA00_IDU / AS-22HR5SBTCA00_ODU,Split Hi-Wall,22000.0,1517.0,3.42
VIX,AS-12CR2SLEDK01_ODU / AS-12CR2SLEDK01_IDU,Split Hi-Wall,12000.0,946.7,3.14
VIX,AS-09CR2SLDDK03_IDU / AS-09CR2SLDDK03_ODU,Split Hi-Wall,9000.0,680.0,3.14
VIX,AS-09CR2SLDDK04_IDU / AS-09CR2SLDDK04_ODU,Split Hi-Wall,9000.0,680.0,3.14
VIX,AS-12CR2SLEDK04_IDU / AS-12CR2SLEDK04_ODU,Split Hi-Wall,12000.0,887.0,3.14
TCL,TAC-32CSG2-INV,Split Hi-Wall,32000.0,1232.0,6.31
MARA!,MARA02SQFINV12INT5 / MARA02SQFINV12EXT5,Split Hi-Wall,12000.0,650.0,5.52
PHILCO,PAC24000IQFM12W,Split Hi-Wall,24000.0,1050.0,5.5
EOS,EAS24000IQF,Split Hi-Wall,24000.0,1050.0,5.5
PHILCO,PAC18000IFM9W,Split Hi-Wall,18000.0,671.0,5.5
PHILCO,PAC9000IFM14,Split Hi-Wall,9000.0,396.0,5.5
LG,S3NQ12JAQAL+S3UQ12JAQAL,Split Hi-Wall,11000.0,484.4,5.5
LG,S3NQ18KL31B+S3UQ18KL31B,Split Hi-Wall,19000.0,766.4,6.0
LG,S3NQ24K2R1B+S3UQ24K2R1B,Split Hi-Wall,22000.0,888.3,6.0
LG,S3NQ18KL33B+S3UQ18KL33B,Split Hi-Wall,19000.0,766.4,6.0
LG,S3NQ09AA31C+S3UQ09AA31C,Split Hi-Wall,9000.0,363.3,6.0
LG,S3NQ18KL31C+S3UQ18KL31C,Split Hi-Wall,18000.0,622.6,7.0
LG,S3NQ24K231C+S3UQ24K231C,Split Hi-Wall,22000.0,761.1,7.0
LG,S3NW12JARD1+S3UW12JARD1,Split Hi-Wall,12000.0,415.3,7.0
TCL,TAC-12CSA1,Split Hi-Wall,12000.0,81.6,3.85
TCL,TAC-09CHSA1,Split Hi-Wall,9000.0,608.0,3.6
TCL,TAC-22CHSA2,Split Hi-Wall,22000.0,177.6,3.14
GREE,GWC24ATDXE-S3DNA1A,Split Hi-Wall,24000.0,812.9,7.51
GREE,GWC12AGC-D3DNA4G,Split Hi-Wall,12000.0,508.8,5.71
GREE,GWC24ACE-D3DNA1M,Split Hi-Wall,24000.0,45.6,3.24
GREE,GWC09ACA-D3DNA1B,Split Hi-Wall,9000.0,384.0,6.13
GREE,GWC09AGA-D3DNA4BW,Split Hi-Wall,9000.0,362.0,6.02
GREE,GWC12AGC-D3DNA4JW,Split Hi-Wall,12000.0,528.0,5.5
GREE,GWC24AGE-D3DNA4B,Split Hi-Wall,23000.0,861.9,6.52
GREE,GWC30AGEXH-S3DNA4A,Split Hi-Wall,30000.0,1238.2,6.17
Gree,GWC09ATB-D6DNA1A,Split Hi-Wall,9000.0,395.7,5.51
Gree,GWC09ATA-D6DNA1A,Split Hi-Wall,9000.0,362.6,6.01
Gree,GWC09ATA-D6DNA4C,Split Hi-Wall,9000.0,410.6,5.31
Gree,GWC12ATB-D6DNA4A,Split Hi-Wall,12000.0,536.1,5.42
Gree,GWC09ATC-D6DNA1A,Split Hi-Wall,9000.0,362.0,6.01
Gree,GWC12ATCXB-D6DNA3C,Split Hi-Wall,12000.0,415.0,7.01
Gree,GWC12AVCXB-D6DNA1D,Split Hi-Wall,12000.0,382.0,7.61
Gree,GWC18AVDXD-D6DNA1I,Split Hi-Wall,18000.0,573.0,7.61
Gree,GWC09ATA-D6DNA1AB,Split Hi-Wall,9000.0,362.0,6.01
Gree,GWC18ATD-D6DNA1AB,Split Hi-Wall,18000.0,726.0,6.01
HITACHI,RPK09C3IVQ - RAA09C3IVQ,Split Hi-Wall,9000.0,344.0,6.34
HITACHI,RPK24C3IVF - RAA24C3IVF,Split Hi-Wall,24000.0,947.0,6.14
TCL,TAC-12CHSA-FR2-INV,Split Hi-Wall,12000.0,408.0,7.25
LG,S4NQ30R43FA+S4UQ30R43FA,Split Hi-Wall,30000.0,1038.1,7.0
TECHFRIO,TECHPOPIND24K / TECHPOPOUT24K,Split Hi-Wall,24000.0,1020.0,5.9
TECHFRIO,TECHIND32K / TECHOUT32K,Split Hi-Wall,32000.0,1170.0,7.2
LIFE,LIFE30INT / LIFE30EXT,Split Hi-Wall,30000.0,1160.0,7.2
BRAVOLT,BRAVOLTIND12K / BRAVOLTOUT12K,Split Hi-Wall,12000.0,540.0,5.55
TECHFRIO,TECHECO09IND / TECHECO09OUT,Split Hi-Wall,9000.0,301.0,7.13
TECHFRIO,TECHECO12IND / TECHECO12OUT,Split Hi-Wall,12000.0,426.0,7.0
SIMPLEY,CQSPL18IIS2AX - CQSPL18EIS2AX,Split Hi-Wall,18000.0,760.0,5.73
SIMPLEY,CQSPL30IIS2AX - CQSPL30EIS2AX,Split Hi-Wall,30000.0,1256.0,5.77
EOS,EAS24001IQFI - EAS24001IQFE,Split Hi-Wall,24000.0,1020.0,5.72
EOS,EAS24001IFI - EAS24001IFE,Split Hi-Wall,24000.0,1020.0,5.72
HQ,CQHQ09IIS2BX / CQHQ09EIS2BX,Split Hi-Wall,9000.0,380.0,5.72
MDX,VIMC9KCH3S2C23 / VIMC9KCH3S2E23,Split Hi-Wall,9000.0,380.0,5.72
MDX,VIMC9KCO3S2C13 / VIMC9KCO3S2E13,Split Hi-Wall,9000.0,380.0,5.72
MDX,VIMC12KCO3S2C13 / VIMC12KCO3S2E13,Split Hi-Wall,12000.0,500.0,5.75
HQ,VIHT9KCO3S2E13 / VIHT9KCO3S2C13,Split Hi-Wall,9000.0,380.0,5.72
HQ,VIHT30KCO3S2E13 / VIHT30KCO3S2C13,Split Hi-Wall,30000.0,1256.0,5.77
HISENSE,AS-12TW2RLDTT00E,Split Hi-Wall,12000.0,524.0,5.7
HISENSE,AS-09UW2RLDTT00E,Split Hi-Wall,9000.0,396.0,6.0
VIX,AS-09TW2RLDDK01 / AS-09TW2RLD00AC,Split Hi-Wall,9000.0,388.0,5.5
VIX,AS-12TW2RLDDK02 / AS-12TW2RLD00AC,Split Hi-Wall,12000.0,510.0,5.5
HISENSE,AS-09TW2RLCMA00E/AS-09TW2RLC00C,Split Hi-Wall,9000.0,307.0,7.2
HISENSE,AS-18TW2RWPHA00E/AS-18TW2RWP00C,Split Hi-Wall,18000.0,592.0,7.2
HISENSE,AS-24TW2RBWHB00E/AS-24TW2RBW00C,Split Hi-Wall,24000.0,800.0,7.2
PIONEER,WA030GRFINV / AN030GRFINV,Split Hi-Wall,30000.0,1180.0,6.5
HISENSE,AS-18TW2RGSCK00E / AS-18TW2RGS00C,Split Hi-Wall,18000.0,803.0,5.3
Fujitsu/Airstage,ASBG18KMBA/AOBG18KMCA,Split Hi-Wall,18000.0,571.0,7.63
Fujitsu/Airstage,ASBG12CMBA/AOBG12CMCA,Split Hi-Wall,12000.0,35.3,8.23
Fujitsu/Airstage,ASBH31CMTA/AOBH31CMTA,Split Hi-Wall,31000.0,988.0,7.6
Elgin,HIQI12C2WA / HIQE12C2CA,Split Hi-Wall,12000.0,503.0,5.75
Elgin,HJQI18C2WC / HJQE18C2CC,Split Hi-Wall,18000.0,674.0,5.94
Elgin,HJQI12C2WD / HJQE12C2CD,Split Hi-Wall,12000.0,515.0,5.5
Vertys,ASIIF012A2WANV / ASIEF012A2WANV,Split Hi-Wall,12000.0,497.0,6.34
Vertys,ASIIF024A2WANV / ASIEF024A2WANV,Split Hi-Wall,24000.0,881.0,7.21
Vertys,ASIIF030A2WANV / ASIEF030A2WANV,Split Hi-Wall,30000.0,1301.0,6.04
Vertys,ASIIQ012A2WASV / ASIEQ012A2WASV,Split Hi-Wall,12000.0,389.0,7.07
Vertys,ASIIQ024A2WASV / ASIEQ024A2WASV,Split Hi-Wall,24000.0,789.0,7.0
Electrolux,JI12R/JE12R,Split Hi-Wall,12000.0,529.0,5.5
Electrolux,YE09F/YI09F,Split Hi-Wall,9000.0,397.0,5.5
Electrolux,YE18F/YI18F,Split Hi-Wall,18000.0,793.0,5.5
Electrolux,UI24R-UE24R,Split Hi-Wall,23000.0,1591.0,3.5
DAIKIN,FTKP18S5VL / RKP18S5VL,Split Hi-Wall,18000.0,573.2,7.6
DAIKIN,FTKC09T5VL / RKC09T5VL,Split Hi-Wall,9000.0,283.4,7.7
DAIKIN,FTKC18T5VL / RKC18T5VL,Split Hi-Wall,18000.0,682.0,6.4
Colormaq,AC 12K FRIO BR 220V ACC12NFBRBNAC,Split Hi-Wall,12000.0,532.0,5.58
Colormaq,AC 30K FRIO BR 220V ACC30IFBRBNAC,Split Hi-Wall,30000.0,1289.0,5.56
Midea,42AGVQI24M5 / 38AGVQI24M5,Split Hi-Wall,24000.0,843.0,6.9
Midea,38AGVCI24M5 / 42AGVCI24M5,Split Hi-Wall,24000.0,868.0,6.7
Midea,42AGVQI09M5/38AGVQI09M5,Split Hi-Wall,9000.0,357.5,6.1
Midea,38AFVCI12M8/42AFVCI12M8,Split Hi-Wall,12000.0,421.3,6.9
Midea,38MGVQI18M5/42MGVQI18M5,Split Hi-Wall,18000.0,650.7,6.7
Midea,38AGVQI12M5 / 42AGVQI12M5,Split Hi-Wall,12000.0,447.2,6.5
Midea,38MGVQI12M5 / 42MGVQI12M5,Split Hi-Wall,12000.0,447.2,6.5
Midea,38AGVCJ09M5 / 42AGVCJ09M5,Split Hi-Wall,9000.0,286.8,7.6
Midea,38EZVCA18M5 / 42EZVCA18M5,Split Hi-Wall,18000.0,573.7,7.6
Midea,38TBVCA12M5&#8203; / 42EBVCA12M5&#8203;,Split Hi-Wall,12000.0,631.9,4.6
Midea,38TAVQA09M5 / 42EFVQA09M5,Split Hi-Wall,9000.0,311.4,7.0
Midea,38TAVQA12M5 / 42EFVQA12M5,Split Hi-Wall,12000.0,415.2,7.0
AIRSTAGE,ASKA12KPBA/AOKA12KPBA,Split Hi-Wall,12000.0,50.8,5.52
AIRSTAGE,ASKA36KPBA/AOKA36KPBA,Split Hi-Wall,36000.0,1578.0,5.51
AIRSTAGE,ASKA12CPBB/AOKA12CPBB,Split Hi-Wall,12000.0,517.0,5.51
ELGIN,HJQI24C2WG/HJQE24C2CG,Split Hi-Wall,24000.0,831.0,7.0
PRIME AIR,PRIME AIR 9FC,Split Hi-Wall,9000.0,376.0,5.5
PRIME AIR,PRIME AIR 9QC,Split Hi-Wall,9000.0,376.0,5.5
PRIME AIR,PRIME AIR 12QC,Split Hi-Wall,12000.0,493.0,5.5
BRITÂNIA,BAC9FC,Split Hi-Wall,9000.0,376.0,5.5
BRITÂNIA,BAC9QC,Split Hi-Wall,9000.0,376.0,5.5
BRITÂNIA,BAC12QC,Split Hi-Wall,12000.0,493.0,5.5
PHILCO,PAC12QI,Split Hi-Wall,12000.0,869.0,3.14
PHILCO,PAC9QB,Split Hi-Wall,9000.0,376.0,5.5
PHILCO,PAC18QG,Split Hi-Wall,18000.0,724.0,5.5
PHILCO,PAC12QG,Split Hi-Wall,12000.0,493.0,5.5
PHILCO,PAC9FI,Split Hi-Wall,9000.0,640.0,3.14
HQ,HQ-INV24000FHI / HQ-INV24000FHO,Split Hi-Wall,24000.0,1055.0,5.5
HISENSE,AS-12TW2RLDDK00 / AS-12TW2RLD00,Split Hi-Wall,12000.0,475.0,5.5
HISENSE,AS-18TW2RMATT02 / AS-18TW2RMA02,Split Hi-Wall,18000.0,655.0,5.5
HISENSE,AS-30TW2RKKDA01 / 1KK030009ZNPW5678JM0005,Split Hi-Wall,30000.0,1220.0,5.5
HISENSE,AS-30TW2RKKDK01 / 1KK030009ZNPW5678JM0002,Split Hi-Wall,30000.0,1220.0,5.5
PIONEER,WA030GHFINV / AN030GHFINV,Split Hi-Wall,30000.0,1220.0,5.5
HISENSE,AS-12TW2RLRCA00 / AS-12TW2RLR00,Split Hi-Wall,12000.0,527.0,5.5
HISENSE,AS-09TW2RLCHB00 / AS-09TW2RLC00,Split Hi-Wall,9000.0,315.0,7.0
AGRATTO,ICS18QF - 02,Split Hi-Wall,18000.0,791.0,5.5
Agratto,LCST9QF-02I,Split Hi-Wall,9000.0,396.0,5.5
AGRATTO,ICS9QF-02,Split Hi-Wall,9000.0,396.0,5.5
AGRATTO,ICS24QF-02,Split Hi-Wall,24000.0,1056.0,5.5
Komeco,KOHI 09QCI 1KV,Split Hi-Wall,9000.0,396.0,5.5
AGRATTO,ZICST12QF-02,Split Hi-Wall,12000.0,415.0,7.0
AGRATTO,KNICST24QF- 02,Split Hi-Wall,24000.0,829.0,7.0
AGRATTO,ZICST18QF-02,Split Hi-Wall,18000.0,622.0,7.0
AGRATTO,LCST9F - 02I,Split Hi-Wall,9000.0,396.0,5.5
AGRATTO,LCST12F - 02I,Split Hi-Wall,12000.0,528.0,5.5
HQ,HQIT9F-02,Split Hi-Wall,9000.0,396.0,5.5
AGRATTO,LCST24F - 02I,Split Hi-Wall,24000.0,1056.0,5.5
AGRATTO,FICST30F-02I,Split Hi-Wall,30000.0,1321.0,5.5
AGRATTO,KNICST18F- 02,Split Hi-Wall,18000.0,622.0,7.0
AGRATTO,ZICST18F-02,Split Hi-Wall,18000.0,622.0,7.0
AGRATTO,ZICS30F-02,Split Hi-Wall,30000.0,1036.0,7.0
SAMSUNG,AR09DYFZAWKNAZ,Split Hi-Wall,9000.0,321.0,6.8
SAMSUNG,AR09DXFAAWKNAZ + AR09DXFAAWKXAZ,Split Hi-Wall,9000.0,312.0,7.0
SAMSUNG,AR12DXEAAWKNAZ + AR12DXEAAWKXAZ,Split Hi-Wall,12000.0,469.0,6.2
SAMSUNG,AR18DXEAAWKNAZ + AR18DXEAAWKXAZ,Split Hi-Wall,18000.0,641.0,6.8
SAMSUNG,AR50F18D1AHNAZ + AR50F18D1AHXAZ,Split Hi-Wall,18000.0,681.0,6.4
SAMSUNG,AR60F24D1BWNAZ + AR60F24D1BWXAZ,Split Hi-Wall,24000.0,868.0,6.7
SAMSUNG,AR70H18C1ABNAZ + AR70H18C1ABXAZ,Split Hi-Wall,18000.0,607.0,7.2
Gree,GWC18ATDXB-D6DNA1AB,Split Hi-Wall,18000.0,726.0,6.0
Gree,GWC12ATBXA-D6DNA1B,Split Hi-Wall,12000.0,527.5,5.51
